scenario_id,system_id,system_name,cycle,elapsed_time_h,organism_id,organism_name,cfu_ml,log10_cfu_ml,temperature_c,pH,water_activity,organic_load_index,pre_cycle_residual_ppm,pre_redose_residual_ppm,post_control_residual_ppm,minimum_residual_ppm,residual_below_minimum_before_redose,redose_event,micro_action_limit_cfu_ml,micro_action_limit_exceeded,parameter_status
LOW,LOOP_A,Conditioning loop,0,0.0,IND_A,Indicator organism A,7.664118790288249,0.8844622274857905,14.0,7.1,0.997,0.7,2.8,2.7345562852589147,2.7345562852589147,1.5,False,False,250.0,False,DEMONSTRATION_ONLY
LOW,LOOP_A,Conditioning loop,0,0.0,MES_B,Mesophilic organism B,0.9458732284478812,-0.02416706642575616,14.0,7.1,0.997,0.7,2.8,2.7345562852589147,2.7345562852589147,1.5,False,False,50.0,False,DEMONSTRATION_ONLY
LOW,LOOP_A,Conditioning loop,0,0.0,PSY_C,Cold-tolerant organism C,0.47554294978169853,-0.32281025262598456,14.0,7.1,0.997,0.7,2.8,2.7345562852589147,2.7345562852589147,1.5,False,False,25.0,False,DEMONSTRATION_ONLY
LOW,LOOP_A,Conditioning loop,1,0.25,IND_A,Indicator organism A,7.34813235350088,0.866176970153834,14.0,7.1,0.997,0.7,2.7345562852589147,2.670408442893437,2.670408442893437,1.5,False,False,250.0,False,DEMONSTRATION_ONLY
LOW,LOOP_A,Conditioning loop,1,0.25,MES_B,Mesophilic organism B,0.8952834949904198,-0.04803942187440436,14.0,7.1,0.997,0.7,2.7345562852589147,2.670408442893437,2.670408442893437,1.5,False,False,50.0,False,DEMONSTRATION_ONLY
LOW,LOOP_A,Conditioning loop,1,0.25,PSY_C,Cold-tolerant organism C,0.45252919700606475,-0.3443533950453951,14.0,7.1,0.997,0.7,2.7345562852589147,2.670408442893437,2.670408442893437,1.5,False,False,25.0,False,DEMONSTRATION_ONLY
LOW,LOOP_A,Conditioning loop,2,0.5,IND_A,Indicator organism A,7.050627120568041,0.848227747188487,14.0,7.1,0.997,0.7,2.670408442893437,2.6075308129113055,2.6075308129113055,1.5,False,False,250.0,False,DEMONSTRATION_ONLY
LOW,LOOP_A,Conditioning loop,2,0.5,MES_B,Mesophilic organism B,0.8524734821962812,-0.06931912167851131,14.0,7.1,0.997,0.7,2.670408442893437,2.6075308129113055,2.6075308129113055,1.5,False,False,50.0,False,DEMONSTRATION_ONLY
LOW,LOOP_A,Conditioning loop,2,0.5,PSY_C,Cold-tolerant organism C,0.4362535471736998,-0.3602610287738498,14.0,7.1,0.997,0.7,2.670408442893437,2.6075308129113055,2.6075308129113055,1.5,False,False,25.0,False,DEMONSTRATION_ONLY
LOW,LOOP_A,Conditioning loop,3,0.75,IND_A,Indicator organism A,6.770304789843189,0.8306082204676357,14.0,7.1,0.997,0.7,2.6075308129113055,2.545898243422147,2.545898243422147,1.5,False,False,250.0,False,DEMONSTRATION_ONLY
LOW,LOOP_A,Conditioning loop,3,0.75,MES_B,Mesophilic organism B,0.8122402682911604,-0.09031548337204395,14.0,7.1,0.997,0.7,2.6075308129113055,2.545898243422147,2.545898243422147,1.5,False,False,50.0,False,DEMONSTRATION_ONLY
LOW,LOOP_A,Conditioning loop,3,0.75,PSY_C,Cold-tolerant organism C,0.4207816605758892,-0.3759431968112037,14.0,7.1,0.997,0.7,2.6075308129113055,2.545898243422147,2.545898243422147,1.5,False,False,25.0,False,DEMONSTRATION_ONLY
LOW,LOOP_A,Conditioning loop,4,1.0,IND_A,Indicator organism A,6.505971833775305,0.8133121787640887,14.0,7.1,0.997,0.7,2.545898243422147,2.4854860805763876,2.4854860805763876,1.5,False,False,250.0,False,DEMONSTRATION_ONLY
LOW,LOOP_A,Conditioning loop,4,1.0,MES_B,Mesophilic organism B,0.7744024267354014,-0.11103329475423074,14.0,7.1,0.997,0.7,2.545898243422147,2.4854860805763876,2.4854860805763876,1.5,False,False,50.0,False,DEMONSTRATION_ONLY
LOW,LOOP_A,Conditioning loop,4,1.0,PSY_C,Cold-tolerant organism C,0.40606549187201546,-0.3914039160168419,14.0,7.1,0.997,0.7,2.545898243422147,2.4854860805763876,2.4854860805763876,1.5,False,False,25.0,False,DEMONSTRATION_ONLY
LOW,LOOP_A,Conditioning loop,5,1.25,IND_A,Indicator organism A,6.256530052833116,0.7963335350116767,14.0,7.1,0.997,0.7,2.4854860805763876,2.4262701587033826,2.4262701587033826,1.5,False,False,250.0,False,DEMONSTRATION_ONLY
LOW,LOOP_A,Conditioning loop,5,1.25,MES_B,Mesophilic organism B,0.7387929982283469,-0.13147722915654161,14.0,7.1,0.997,0.7,2.4854860805763876,2.4262701587033826,2.4262701587033826,1.5,False,False,50.0,False,DEMONSTRATION_ONLY
LOW,LOOP_A,Conditioning loop,5,1.25,PSY_C,Cold-tolerant organism C,0.3920603118507853,-0.4066471189764739,14.0,7.1,0.997,0.7,2.4854860805763876,2.4262701587033826,2.4262701587033826,1.5,False,False,25.0,False,DEMONSTRATION_ONLY
LOW,LOOP_A,Conditioning loop,6,1.5,IND_A,Indicator organism A,6.020968063565399,0.7796663236273269,14.0,7.1,0.997,0.7,2.4262701587033826,2.3682267906448264,2.3682267906448264,1.5,False,False,250.0,False,DEMONSTRATION_ONLY
LOW,LOOP_A,Conditioning loop,6,1.5,MES_B,Mesophilic organism B,0.7052582128833561,-0.1516518476906339,14.0,7.1,0.997,0.7,2.4262701587033826,2.3682267906448264,2.3682267906448264,1.5,False,False,50.0,False,DEMONSTRATION_ONLY
LOW,LOOP_A,Conditioning loop,6,1.5,PSY_C,Cold-tolerant organism C,0.3787244505718818,-0.4216766557831469,14.0,7.1,0.997,0.7,2.4262701587033826,2.3682267906448264,2.3682267906448264,1.5,False,False,25.0,False,DEMONSTRATION_ONLY
LOW,LOOP_A,Conditioning loop,7,1.75,IND_A,Indicator organism A,5.7983536207770365,0.7633046978884245,14.0,7.1,0.997,0.7,2.3682267906448264,2.311332758279574,2.311332758279574,1.5,False,False,250.0,False,DEMONSTRATION_ONLY
LOW,LOOP_A,Conditioning loop,7,1.75,MES_B,Mesophilic organism B,0.673656335515407,-0.1715616014661911,14.0,7.1,0.997,0.7,2.3682267906448264,2.311332758279574,2.311332758279574,1.5,False,False,50.0,False,DEMONSTRATION_ONLY
LOW,LOOP_A,Conditioning loop,7,1.75,PSY_C,Cold-tolerant organism C,0.3660190624212503,-0.43649629578379195,14.0,7.1,0.997,0.7,2.3682267906448264,2.311332758279574,2.311332758279574,1.5,False,False,25.0,False,DEMONSTRATION_ONLY
LOW,LOOP_A,Conditioning loop,8,2.0,IND_A,Indicator organism A,5.587826685283292,0.7472429273647667,14.0,7.1,0.997,0.7,2.311332758279574,2.255565303236082,2.255565303236082,1.5,False,False,250.0,False,DEMONSTRATION_ONLY
LOW,LOOP_A,Conditioning loop,8,2.0,MES_B,Mesophilic organism B,0.6438566212475189,-0.19121083377951453,14.0,7.1,0.997,0.7,2.311332758279574,2.255565303236082,2.255565303236082,1.5,False,False,50.0,False,DEMONSTRATION_ONLY
LOW,LOOP_A,Conditioning loop,8,2.0,PSY_C,Cold-tolerant organism C,0.35390791104822494,-0.45110972929187254,14.0,7.1,0.997,0.7,2.311332758279574,2.255565303236082,2.255565303236082,1.5,False,False,25.0,False,DEMONSTRATION_ONLY
LOW,LOOP_A,Conditioning loop,9,2.25,IND_A,Indicator organism A,5.388593158784869,0.7314753954044092,14.0,7.1,0.997,0.7,2.255565303236082,2.2009021177887567,2.2009021177887567,1.5,False,False,250.0,False,DEMONSTRATION_ONLY
LOW,LOOP_A,Conditioning loop,9,2.25,MES_B,Mesophilic organism B,0.6157383700639019,-0.21060378227370918,14.0,7.1,0.997,0.7,2.255565303236082,2.2009021177887567,2.2009021177887567,1.5,False,False,50.0,False,DEMONSTRATION_ONLY
LOW,LOOP_A,Conditioning loop,9,2.25,PSY_C,Cold-tolerant organism C,0.3423571723553753,-0.46552056926669916,14.0,7.1,0.997,0.7,2.255565303236082,2.2009021177887567,2.2009021177887567,1.5,False,False,25.0,False,DEMONSTRATION_ONLY
LOW,LOOP_A,Conditioning loop,10,2.5,IND_A,Indicator organism A,5.19991921626483,0.7159965966726962,14.0,7.1,0.997,0.7,2.2009021177887567,2.1473213359345675,2.1473213359345675,1.5,False,False,250.0,False,DEMONSTRATION_ONLY
LOW,LOOP_A,Conditioning loop,10,2.5,MES_B,Mesophilic organism B,0.5891900701916404,-0.22974458107128784,14.0,7.1,0.997,0.7,2.2009021177887567,2.1473213359345675,2.1473213359345675,1.5,False,False,50.0,False,DEMONSTRATION_ONLY
LOW,LOOP_A,Conditioning loop,10,2.5,PSY_C,Cold-tolerant organism C,0.33133525389304724,-0.4797323529599692,14.0,7.1,0.997,0.7,2.2009021177887567,2.1473213359345675,2.1473213359345675,1.5,False,False,25.0,False,DEMONSTRATION_ONLY
LOW,LOOP_A,Conditioning loop,11,2.75,IND_A,Indicator organism A,5.021126174102069,0.700801134743755,14.0,7.1,0.997,0.7,2.1473213359345675,2.0948015246463525,2.0948015246463525,1.5,False,False,250.0,False,DEMONSTRATION_ONLY
LOW,LOOP_A,Conditioning loop,11,2.75,MES_B,Mesophilic organism B,0.5641086212997574,-0.24863726287999535,14.0,7.1,0.997,0.7,2.1473213359345675,2.0948015246463525,2.0948015246463525,1.5,False,False,50.0,False,DEMONSTRATION_ONLY
LOW,LOOP_A,Conditioning loop,11,2.75,PSY_C,Cold-tolerant organism C,0.32081262917252557,-0.49374854353008113,14.0,7.1,0.997,0.7,2.1473213359345675,2.0948015246463525,2.0948015246463525,1.5,False,False,25.0,False,DEMONSTRATION_ONLY
LOW,LOOP_A,Conditioning loop,12,3.0,IND_A,Indicator organism A,4.851585838960173,0.68588371974373,14.0,7.1,0.997,0.7,2.0948015246463525,2.0433216752993233,2.0433216752993233,1.5,False,False,250.0,False,DEMONSTRATION_ONLY
LOW,LOOP_A,Conditioning loop,12,3.0,MES_B,Mesophilic organism B,0.5403986294828526,-0.267285761072637,14.0,7.1,0.997,0.7,2.0948015246463525,2.0433216752993233,2.0433216752993233,1.5,False,False,50.0,False,DEMONSTRATION_ONLY
LOW,LOOP_A,Conditioning loop,12,3.0,PSY_C,Cold-tolerant organism C,0.31076168555670225,-0.5075725316247711,14.0,7.1,0.997,0.7,2.0948015246463525,2.0433216752993233,2.0433216752993233,1.5,False,False,25.0,False,DEMONSTRATION_ONLY
LOW,LOOP_A,Conditioning loop,13,3.25,IND_A,Indicator organism A,4.690716288562472,0.6712391660450225,14.0,7.1,0.997,0.7,2.0433216752993233,1.9928611952673332,1.9928611952673332,1.5,False,False,250.0,False,DEMONSTRATION_ONLY
LOW,LOOP_A,Conditioning loop,13,3.25,MES_B,Mesophilic organism B,0.5179717668619644,-0.285693911741676,14.0,7.1,0.997,0.7,2.0433216752993233,1.9928611952673332,1.9928611952673332,1.5,False,False,50.0,False,DEMONSTRATION_ONLY
LOW,LOOP_A,Conditioning loop,13,3.25,PSY_C,Cold-tolerant organism C,0.301156584516988,-0.5212076369326099,14.0,7.1,0.997,0.7,2.0433216752993233,1.9928611952673332,1.9928611952673332,1.5,False,False,25.0,False,DEMONSTRATION_ONLY
LOW,LOOP_A,Conditioning loop,14,3.5,IND_A,Indicator organism A,4.537978040805669,0.6568623900107948,14.0,7.1,0.997,0.7,1.9928611952673332,1.9433998996855546,1.9433998996855546,1.5,False,False,250.0,False,DEMONSTRATION_ONLY
LOW,LOOP_A,Conditioning loop,14,3.5,MES_B,Mesophilic organism B,0.4967461894016448,-0.3038654557293419,14.0,7.1,0.997,0.7,1.9928611952673332,1.9433998996855546,1.9433998996855546,1.5,False,False,50.0,False,DEMONSTRATION_ONLY
LOW,LOOP_A,Conditioning loop,14,3.5,PSY_C,Cold-tolerant organism C,0.2919731331616266,-0.534657109703893,14.0,7.1,0.997,0.7,1.9928611952673332,1.9433998996855546,1.9433998996855546,1.5,False,False,25.0,False,DEMONSTRATION_ONLY
LOW,LOOP_A,Conditioning loop,15,3.75,IND_A,Indicator organism A,4.39287057238389,0.6427484077889875,14.0,7.1,0.997,0.7,1.9433998996855546,1.8949180033762618,1.8949180033762618,1.5,False,False,250.0,False,DEMONSTRATION_ONLY
LOW,LOOP_A,Conditioning loop,15,3.75,MES_B,Mesophilic organism B,0.47664600722144346,-0.321804040633974,14.0,7.1,0.997,0.7,1.9433998996855546,1.8949180033762618,1.8949180033762618,1.5,False,False,50.0,False,DEMONSTRATION_ONLY
LOW,LOOP_A,Conditioning loop,15,3.75,PSY_C,Cold-tolerant organism C,0.2831886660450311,-0.5479241322414529,14.0,7.1,0.997,0.7,1.9433998996855546,1.8949180033762618,1.8949180033762618,1.5,False,False,25.0,False,DEMONSTRATION_ONLY
LOW,LOOP_A,Conditioning loop,16,4.0,IND_A,Indicator organism A,4.254929152269078,0.6288923331550944,14.0,7.1,0.997,0.7,1.8949180033762618,1.8473961129344973,1.8473961129344973,1.5,False,False,250.0,False,DEMONSTRATION_ONLY
LOW,LOOP_A,Conditioning loop,16,4.0,MES_B,Mesophilic organism B,0.4576008022825655,-0.33951322279329776,14.0,7.1,0.997,0.7,1.8949180033762618,1.8473961129344973,1.8473961129344973,1.5,False,False,50.0,False,DEMONSTRATION_ONLY
LOW,LOOP_A,Conditioning loop,16,4.0,PSY_C,Cold-tolerant organism C,0.274781936361573,-0.5610118203619119,14.0,7.1,0.997,0.7,1.8949180033762618,1.8473961129344973,1.8473961129344973,1.5,False,False,25.0,False,DEMONSTRATION_ONLY
LOW,LOOP_A,Conditioning loop,17,4.25,IND_A,Indicator organism A,4.123721959089169,0.6152893754029314,14.0,7.1,0.997,0.7,1.8473961129344973,1.800815218970451,1.800815218970451,1.5,False,False,250.0,False,DEMONSTRATION_ONLY
LOW,LOOP_A,Conditioning loop,17,4.25,MES_B,Mesophilic organism B,0.43954518886551336,-0.3569964692453142,14.0,7.1,0.997,0.7,1.8473961129344973,1.800815218970451,1.800815218970451,1.5,False,False,50.0,False,DEMONSTRATION_ONLY
LOW,LOOP_A,Conditioning loop,17,4.25,PSY_C,Cold-tolerant organism C,0.26673301571155983,-0.5739232248278926,14.0,7.1,0.997,0.7,1.8473961129344973,1.800815218970451,1.800815218970451,1.5,False,False,25.0,False,DEMONSTRATION_ONLY
LOW,LOOP_A,Conditioning loop,18,4.5,IND_A,Indicator organism A,3.99884745472052,0.6019348372826279,14.0,7.1,0.997,0.7,1.800815218970451,1.75515668850545,1.75515668850545,1.5,False,False,250.0,False,DEMONSTRATION_ONLY
LOW,LOOP_A,Conditioning loop,18,4.5,MES_B,Mesophilic organism B,0.42241841273007824,-0.3742571596674565,14.0,7.1,0.997,0.7,1.800815218970451,1.75515668850545,1.75515668850545,1.5,False,False,50.0,False,DEMONSTRATION_ONLY
LOW,LOOP_A,Conditioning loop,18,4.5,PSY_C,Cold-tolerant organism C,0.25902320170296905,-0.5866613327516937,14.0,7.1,0.997,0.7,1.800815218970451,1.75515668850545,1.75515668850545,1.5,False,False,25.0,False,DEMONSTRATION_ONLY
LOW,LOOP_A,Conditioning loop,19,4.75,IND_A,Indicator organism A,3.8799319893163875,0.5888241129850647,14.0,7.1,0.997,0.7,1.75515668850545,1.7104022575185198,1.7104022575185198,1.5,False,False,250.0,False,DEMONSTRATION_ONLY
LOW,LOOP_A,Conditioning loop,19,4.75,MES_B,Mesophilic organism B,0.40616398527208786,-0.3912985882946435,14.0,7.1,0.997,0.7,1.75515668850545,1.7104022575185198,1.7104022575185198,1.5,False,False,50.0,False,DEMONSTRATION_ONLY
LOW,LOOP_A,Conditioning loop,19,4.75,PSY_C,Cold-tolerant organism C,0.2516349327207626,-0.5992290689709332,14.0,7.1,0.997,0.7,1.75515668850545,1.7104022575185198,1.7104022575185198,1.5,False,False,25.0,False,DEMONSTRATION_ONLY
LOW,LOOP_A,Conditioning loop,20,5.0,IND_A,Indicator organism A,3.766627615573082,0.5759526861719771,14.0,7.1,0.997,0.7,1.7104022575185198,1.6665340236405322,1.6665340236405322,1.5,False,False,250.0,False,DEMONSTRATION_ONLY
LOW,LOOP_A,Conditioning loop,20,5.0,MES_B,Mesophilic organism B,0.3907293493679878,-0.40812396581683613,14.0,7.1,0.997,0.7,1.7104022575185198,1.6665340236405322,1.6665340236405322,1.5,False,False,50.0,False,DEMONSTRATION_ONLY
LOW,LOOP_A,Conditioning loop,20,5.0,PSY_C,Cold-tolerant organism C,0.24455170925709405,-0.6116292973966554,14.0,7.1,0.997,0.7,1.7104022575185198,1.6665340236405322,1.6665340236405322,1.5,False,False,25.0,False,DEMONSTRATION_ONLY
LOW,LOOP_A,Conditioning loop,21,5.25,IND_A,Indicator organism A,3.658610092328448,0.5633161280509391,14.0,7.1,0.997,0.7,1.6665340236405322,1.6235344389930184,1.6235344389930184,1.5,False,False,250.0,False,DEMONSTRATION_ONLY
LOW,LOOP_A,Conditioning loop,21,5.25,MES_B,Mesophilic organism B,0.37606557393401363,-0.4247364212566771,14.0,7.1,0.997,0.7,1.6665340236405322,1.6235344389930184,1.6235344389930184,1.5,False,False,50.0,False,DEMONSTRATION_ONLY
LOW,LOOP_A,Conditioning loop,21,5.25,PSY_C,Cold-tolerant organism C,0.23775802125115456,-0.6238648223343937,14.0,7.1,0.997,0.7,1.6665340236405322,1.6235344389930184,1.6235344389930184,1.5,False,False,25.0,False,DEMONSTRATION_ONLY
LOW,LOOP_A,Conditioning loop,22,5.5,IND_A,Indicator organism A,3.555577059627339,0.5509100954944328,14.0,7.1,0.997,0.7,1.6235344389930184,1.5813863031687838,2.8,1.5,False,True,250.0,False,DEMONSTRATION_ONLY
LOW,LOOP_A,Conditioning loop,22,5.5,MES_B,Mesophilic organism B,0.36212707452611975,-0.4411390038277656,14.0,7.1,0.997,0.7,1.6235344389930184,1.5813863031687838,2.8,1.5,False,True,50.0,False,DEMONSTRATION_ONLY
LOW,LOOP_A,Conditioning loop,22,5.5,PSY_C,Cold-tolerant organism C,0.23123928093741353,-0.6359383897786685,14.0,7.1,0.997,0.7,1.6235344389930184,1.5813863031687838,2.8,1.5,False,True,25.0,False,DEMONSTRATION_ONLY
LOW,LOOP_A,Conditioning loop,23,5.75,IND_A,Indicator organism A,3.4079510915926567,0.5324933534644272,14.0,7.1,0.997,0.7,2.8,2.7345562852589147,2.7345562852589147,1.5,False,False,250.0,False,DEMONSTRATION_ONLY
LOW,LOOP_A,Conditioning loop,23,5.75,MES_B,Mesophilic organism B,0.34472452853058316,-0.4625278137011771,14.0,7.1,0.997,0.7,2.8,2.7345562852589147,2.7345562852589147,1.5,False,False,50.0,False,DEMONSTRATION_ONLY
LOW,LOOP_A,Conditioning loop,23,5.75,PSY_C,Cold-tolerant organism C,0.22283898045517744,-0.6520088372153923,14.0,7.1,0.997,0.7,2.8,2.7345562852589147,2.7345562852589147,1.5,False,False,25.0,False,DEMONSTRATION_ONLY
LOW,LOOP_A,Conditioning loop,24,6.0,IND_A,Indicator organism A,3.2690983983758284,0.5144279928436021,14.0,7.1,0.997,0.7,2.7345562852589147,2.670408442893437,2.670408442893437,1.5,False,False,250.0,False,DEMONSTRATION_ONLY
LOW,LOOP_A,Conditioning loop,24,6.0,MES_B,Mesophilic organism B,0.32839749117378125,-0.4836001693770328,14.0,7.1,0.997,0.7,2.7345562852589147,2.670408442893437,2.670408442893437,1.5,False,False,50.0,False,DEMONSTRATION_ONLY
LOW,LOOP_A,Conditioning loop,24,6.0,PSY_C,Cold-tolerant organism C,0.21486488086444455,-0.6678345630714594,14.0,7.1,0.997,0.7,2.7345562852589147,2.670408442893437,2.670408442893437,1.5,False,False,25.0,False,DEMONSTRATION_ONLY
LOW,LOOP_A,Conditioning loop,25,6.25,IND_A,Indicator organism A,3.1383959427949795,0.4967077336816085,14.0,7.1,0.997,0.7,2.670408442893437,2.6075308129113055,2.6075308129113055,1.5,False,False,250.0,False,DEMONSTRATION_ONLY
LOW,LOOP_A,Conditioning loop,25,6.25,MES_B,Mesophilic organism B,0.3130687029618232,-0.5043603460220198,14.0,7.1,0.997,0.7,2.670408442893437,2.6075308129113055,2.6075308129113055,1.5,False,False,50.0,False,DEMONSTRATION_ONLY
LOW,LOOP_A,Conditioning loop,25,6.25,PSY_C,Cold-tolerant organism C,0.20729100407599618,-0.6834195448184778,14.0,7.1,0.997,0.7,2.670408442893437,2.6075308129113055,2.6075308129113055,1.5,False,False,25.0,False,DEMONSTRATION_ONLY
LOW,LOOP_A,Conditioning loop,26,6.5,IND_A,Indicator organism A,3.015271492416009,0.47932642173316536,14.0,7.1,0.997,0.7,2.6075308129113055,2.545898243422147,2.545898243422147,1.5,False,False,250.0,False,DEMONSTRATION_ONLY
LOW,LOOP_A,Conditioning loop,26,6.5,MES_B,Mesophilic organism B,0.29866718194622266,-0.524812495784519,14.0,7.1,0.997,0.7,2.6075308129113055,2.545898243422147,2.545898243422147,1.5,False,False,50.0,False,DEMONSTRATION_ONLY
LOW,LOOP_A,Conditioning loop,26,6.5,PSY_C,Cold-tolerant organism C,0.2000931979679828,-0.6987676746580479,14.0,7.1,0.997,0.7,2.6075308129113055,2.545898243422147,2.545898243422147,1.5,False,False,25.0,False,DEMONSTRATION_ONLY
LOW,LOOP_A,Conditioning loop,27,6.75,IND_A,Indicator organism A,2.8991989944912917,0.46227802537345775,14.0,7.1,0.997,0.7,2.545898243422147,2.4854860805763876,2.4854860805763876,1.5,False,False,250.0,False,DEMONSTRATION_ONLY
LOW,LOOP_A,Conditioning loop,27,6.75,MES_B,Mesophilic organism B,0.2851276592934909,-0.5449606511721892,14.0,7.1,0.997,0.7,2.545898243422147,2.4854860805763876,2.4854860805763876,1.5,False,False,50.0,False,DEMONSTRATION_ONLY
LOW,LOOP_A,Conditioning loop,27,6.75,PSY_C,Cold-tolerant organism C,0.19324899249042532,-0.7138827616113935,14.0,7.1,0.997,0.7,2.545898243422147,2.4854860805763876,2.4854860805763876,1.5,False,False,25.0,False,DEMONSTRATION_ONLY
LOW,LOOP_A,Conditioning loop,28,7.0,IND_A,Indicator organism A,2.7896944124867153,0.44555663257847355,14.0,7.1,0.997,0.7,2.4854860805763876,2.4262701587033826,2.4262701587033826,1.5,False,False,250.0,False,DEMONSTRATION_ONLY
LOW,LOOP_A,Conditioning loop,28,7.0,MES_B,Mesophilic organism B,0.2723900701648979,-0.5648087284449886,14.0,7.1,0.997,0.7,2.4854860805763876,2.4262701587033826,2.4262701587033826,1.5,False,False,50.0,False,DEMONSTRATION_ONLY
LOW,LOOP_A,Conditioning loop,28,7.0,PSY_C,Cold-tolerant organism C,0.18673746824872275,-0.7287685335716982,14.0,7.1,0.997,0.7,2.4854860805763876,2.4262701587033826,2.4262701587033826,1.5,False,False,25.0,False,DEMONSTRATION_ONLY
LOW,LOOP_A,Conditioning loop,29,7.25,IND_A,Indicator organism A,2.6863119743399797,0.42915644797028574,14.0,7.1,0.997,0.7,2.4262701587033826,2.3682267906448264,2.3682267906448264,1.5,False,False,250.0,False,DEMONSTRATION_ONLY
LOW,LOOP_A,Conditioning loop,29,7.25,MES_B,Mesophilic organism B,0.26039909406445017,-0.584360531023564,14.0,7.1,0.997,0.7,2.4262701587033826,2.3682267906448264,2.3682267906448264,1.5,False,False,50.0,False,DEMONSTRATION_ONLY
LOW,LOOP_A,Conditioning loop,29,7.25,PSY_C,Cold-tolerant organism C,0.1805391363908649,-0.743428639319385,14.0,7.1,0.997,0.7,2.4262701587033826,2.3682267906448264,2.3682267906448264,1.5,False,False,25.0,False,DEMONSTRATION_ONLY
LOW,LOOP_A,Conditioning loop,30,7.5,IND_A,Indicator organism A,2.5886407883651255,0.4130717899272438,14.0,7.1,0.997,0.7,2.3682267906448264,2.311332758279574,2.311332758279574,1.5,False,False,250.0,False,DEMONSTRATION_ONLY
LOW,LOOP_A,Conditioning loop,30,7.5,MES_B,Mesophilic organism B,0.24910373947254824,-0.6036197529126981,14.0,7.1,0.997,0.7,2.3682267906448264,2.311332758279574,2.311332758279574,1.5,False,False,50.0,False,DEMONSTRATION_ONLY
LOW,LOOP_A,Conditioning loop,30,7.5,PSY_C,Cold-tolerant organism C,0.17463582874206818,-0.7578666505005728,14.0,7.1,0.997,0.7,2.3682267906448264,2.311332758279574,2.311332758279574,1.5,False,False,25.0,False,DEMONSTRATION_ONLY
LOW,LOOP_A,Conditioning loop,31,7.75,IND_A,Indicator organism A,2.496301787779387,0.3972970877589864,14.0,7.1,0.997,0.7,2.311332758279574,2.255565303236082,2.255565303236082,1.5,False,False,250.0,False,DEMONSTRATION_ONLY
LOW,LOOP_A,Conditioning loop,31,7.75,MES_B,Mesophilic organism B,0.23845696816319703,-0.6225899821392821,14.0,7.1,0.997,0.7,2.311332758279574,2.255565303236082,2.255565303236082,1.5,False,False,50.0,False,DEMONSTRATION_ONLY
LOW,LOOP_A,Conditioning loop,31,7.75,PSY_C,Cold-tolerant organism C,0.16901059723671355,-0.7720860635689382,14.0,7.1,0.997,0.7,2.311332758279574,2.255565303236082,2.255565303236082,1.5,False,False,25.0,False,DEMONSTRATION_ONLY
LOW,LOOP_A,Conditioning loop,32,8.0,IND_A,Indicator organism A,2.408944969271417,0.381826878946147,14.0,7.1,0.997,0.7,2.255565303236082,2.2009021177887567,2.2009021177887567,1.5,False,False,250.0,False,DEMONSTRATION_ONLY
LOW,LOOP_A,Conditioning loop,32,8.0,MES_B,Mesophilic organism B,0.22841535511403926,-0.6412747042040219,14.0,7.1,0.997,0.7,2.255565303236082,2.2009021177887567,2.2009021177887567,1.5,False,False,50.0,False,DEMONSTRATION_ONLY
LOW,LOOP_A,Conditioning loop,32,8.0,PSY_C,Cold-tolerant organism C,0.16364762179224088,-0.7860903016912134,14.0,7.1,0.997,0.7,2.255565303236082,2.2009021177887567,2.2009021177887567,1.5,False,False,25.0,False,DEMONSTRATION_ONLY
LOW,LOOP_A,Conditioning loop,33,8.25,IND_A,Indicator organism A,2.326246894934374,0.3666558064445656,14.0,7.1,0.997,0.7,2.2009021177887567,2.1473213359345675,2.1473213359345675,1.5,False,False,250.0,False,DEMONSTRATION_ONLY
LOW,LOOP_A,Conditioning loop,33,8.25,MES_B,Mesophilic organism B,0.2189387803695317,-0.6596773055458419,14.0,7.1,0.997,0.7,2.2009021177887567,2.1473213359345675,2.1473213359345675,1.5,False,False,50.0,False,DEMONSTRATION_ONLY
LOW,LOOP_A,Conditioning loop,33,8.25,PSY_C,Cold-tolerant organism C,0.1585321258543387,-0.7998827166165416,14.0,7.1,0.997,0.7,2.2009021177887567,2.1473213359345675,2.1473213359345675,1.5,False,False,25.0,False,DEMONSTRATION_ONLY
LOW,LOOP_A,Conditioning loop,34,8.5,IND_A,Indicator organism A,2.2479084303225205,0.3517786160537775,14.0,7.1,0.997,0.7,2.1473213359345675,2.0948015246463525,2.0948015246463525,1.5,False,False,250.0,False,DEMONSTRATION_ONLY
LOW,LOOP_A,Conditioning loop,34,8.5,MES_B,Mesophilic organism B,0.20999014961580179,-0.6778010770176878,14.0,7.1,0.997,0.7,2.1473213359345675,2.0948015246463525,2.0948015246463525,1.5,False,False,50.0,False,DEMONSTRATION_ONLY
LOW,LOOP_A,Conditioning loop,34,8.5,PSY_C,Cold-tolerant organism C,0.15365029891850165,-0.8134665905099165,14.0,7.1,0.997,0.7,2.1473213359345675,2.0948015246463525,2.0948015246463525,1.5,False,False,25.0,False,DEMONSTRATION_ONLY
LOW,LOOP_A,Conditioning loop,35,8.75,IND_A,Indicator organism A,2.173652694415385,0.33719015384948975,14.0,7.1,0.997,0.7,2.0948015246463525,2.0433216752993233,2.0433216752993233,1.5,False,False,250.0,False,DEMONSTRATION_ONLY
LOW,LOOP_A,Conditioning loop,35,8.75,MES_B,Mesophilic organism B,0.20153514057765023,-0.6956492173721656,14.0,7.1,0.997,0.7,2.0948015246463525,2.0433216752993233,2.0433216752993233,1.5,False,False,50.0,False,DEMONSTRATION_ONLY
LOW,LOOP_A,Conditioning loop,35,8.75,PSY_C,Cold-tolerant organism C,0.14898922540081383,-0.8268451377499254,14.0,7.1,0.997,0.7,2.0948015246463525,2.0433216752993233,2.0433216752993233,1.5,False,False,25.0,False,DEMONSTRATION_ONLY
LOW,LOOP_A,Conditioning loop,36,9.0,IND_A,Indicator organism A,2.1032231999410507,0.32288536367971005,14.0,7.1,0.997,0.7,2.0433216752993233,1.9928611952673332,1.9928611952673332,1.5,False,False,250.0,False,DEMONSTRATION_ONLY
LOW,LOOP_A,Conditioning loop,36,9.0,MES_B,Mesophilic organism B,0.19354197265948533,-0.713224836755185,14.0,7.1,0.997,0.7,2.0433216752993233,1.9928611952673332,1.9928611952673332,1.5,False,False,50.0,False,DEMONSTRATION_ONLY
LOW,LOOP_A,Conditioning loop,36,9.0,PSY_C,Cold-tolerant organism C,0.1445368192915386,-0.8400215066910206,14.0,7.1,0.997,0.7,2.0433216752993233,1.9928611952673332,1.9928611952673332,1.5,False,False,25.0,False,DEMONSTRATION_ONLY
LOW,LOOP_A,Conditioning loop,37,9.25,IND_A,Indicator organism A,2.03638216486447,0.3088592847241379,14.0,7.1,0.997,0.7,1.9928611952673332,1.9433998996855546,1.9433998996855546,1.5,False,False,250.0,False,DEMONSTRATION_ONLY
LOW,LOOP_A,Conditioning loop,37,9.25,MES_B,Mesophilic organism B,0.1859811975276364,-0.7305309602055056,14.0,7.1,0.997,0.7,1.9928611952673332,1.9433998996855546,1.9433998996855546,1.5,False,False,50.0,False,DEMONSTRATION_ONLY
LOW,LOOP_A,Conditioning loop,37,9.25,PSY_C,Cold-tolerant organism C,0.14028176407953777,-0.852998781390537,14.0,7.1,0.997,0.7,1.9928611952673332,1.9433998996855546,1.9433998996855546,1.5,False,False,25.0,False,DEMONSTRATION_ONLY
LOW,LOOP_A,Conditioning loop,38,9.5,IND_A,Indicator organism A,1.9729089779268516,0.2951070491163716,14.0,7.1,0.997,0.7,1.9433998996855546,1.8949180033762618,1.8949180033762618,1.5,False,False,250.0,False,DEMONSTRATION_ONLY
LOW,LOOP_A,Conditioning loop,38,9.5,MES_B,Mesophilic organism B,0.1788255085758187,-0.7475705311578079,14.0,7.1,0.997,0.7,1.9433998996855546,1.8949180033762618,1.8949180033762618,1.5,False,False,50.0,False,DEMONSTRATION_ONLY
LOW,LOOP_A,Conditioning loop,38,9.5,PSY_C,Cold-tolerant organism C,0.13621345748439084,-0.8657799833006817,14.0,7.1,0.997,0.7,1.9433998996855546,1.8949180033762618,1.8949180033762618,1.5,False,False,25.0,False,DEMONSTRATION_ONLY
LOW,LOOP_A,Conditioning loop,39,9.75,IND_A,Indicator organism A,1.9125988029619665,0.28162387962843977,14.0,7.1,0.997,0.7,1.8949180033762618,1.8473961129344973,1.8473961129344973,1.5,False,False,250.0,False,DEMONSTRATION_ONLY
LOW,LOOP_A,Conditioning loop,39,9.75,MES_B,Mesophilic organism B,0.17204956743227243,-0.7643464149466448,14.0,7.1,0.997,0.7,1.8949180033762618,1.8473961129344973,1.8473961129344973,1.5,False,False,50.0,False,DEMONSTRATION_ONLY
LOW,LOOP_A,Conditioning loop,39,9.75,PSY_C,Cold-tolerant organism C,0.1323219605769542,-0.8783680729257143,14.0,7.1,0.997,0.7,1.8949180033762618,1.8473961129344973,1.8473961129344973,1.5,False,False,25.0,False,DEMONSTRATION_ONLY
LOW,LOOP_A,Conditioning loop,40,10.0,IND_A,Indicator organism A,1.8552613083440235,0.26840508741710445,14.0,7.1,0.997,0.7,1.8473961129344973,1.800815218970451,1.800815218970451,1.5,False,False,250.0,False,DEMONSTRATION_ONLY
LOW,LOOP_A,Conditioning loop,40,10.0,MES_B,Mesophilic organism B,0.16562984585956667,-0.7808614023083499,14.0,7.1,0.997,0.7,1.8473961129344973,1.800815218970451,1.800815218970451,1.5,False,False,50.0,False,DEMONSTRATION_ONLY
LOW,LOOP_A,Conditioning loop,40,10.0,PSY_C,Cold-tolerant organism C,0.12859795090852255,-0.8907659514445454,14.0,7.1,0.997,0.7,1.8473961129344973,1.800815218970451,1.800815218970451,1.5,False,False,25.0,False,DEMONSTRATION_ONLY
LOW,LOOP_A,Conditioning loop,41,10.25,IND_A,Indicator organism A,1.8007195093652966,0.25544606983134016,14.0,7.1,0.997,0.7,1.800815218970451,1.75515668850545,1.75515668850545,1.5,False,False,250.0,False,DEMONSTRATION_ONLY
LOW,LOOP_A,Conditioning loop,41,10.25,MES_B,Mesophilic organism B,0.15954448156912115,-0.7971182128777223,14.0,7.1,0.997,0.7,1.800815218970451,1.75515668850545,1.75515668850545,1.5,False,False,50.0,False,DEMONSTRATION_ONLY
LOW,LOOP_A,Conditioning loop,41,10.25,PSY_C,Cold-tolerant organism C,0.1250326793042172,-0.9029764622989773,14.0,7.1,0.997,0.7,1.800815218970451,1.75515668850545,1.75515668850545,1.5,False,False,25.0,False,DEMONSTRATION_ONLY
LOW,LOOP_A,Conditioning loop,42,10.5,IND_A,Indicator organism A,1.748808712622232,0.24274230828033744,14.0,7.1,0.997,0.7,1.75515668850545,1.7104022575185198,1.7104022575185198,1.5,False,False,250.0,False,DEMONSTRATION_ONLY
LOW,LOOP_A,Conditioning loop,42,10.5,MES_B,Mesophilic organism B,0.1537731466246745,-0.8131194986760397,14.0,7.1,0.997,0.7,1.75515668850545,1.7104022575185198,1.7104022575185198,1.5,False,False,50.0,False,DEMONSTRATION_ONLY
LOW,LOOP_A,Conditioning loop,42,10.5,PSY_C,Cold-tolerant organism C,0.12161793000814222,-0.9150023927478169,14.0,7.1,0.997,0.7,1.75515668850545,1.7104022575185198,1.7104022575185198,1.5,False,False,25.0,False,DEMONSTRATION_ONLY
LOW,LOOP_A,Conditioning loop,43,10.75,IND_A,Indicator organism A,1.699375552625843,0.23028936616133044,14.0,7.1,0.997,0.7,1.7104022575185198,1.6665340236405322,1.6665340236405322,1.5,False,False,250.0,False,DEMONSTRATION_ONLY
LOW,LOOP_A,Conditioning loop,43,10.75,MES_B,Mesophilic organism B,0.148296927244423,-0.8288678475866998,14.0,7.1,0.997,0.7,1.7104022575185198,1.6665340236405322,1.6665340236405322,1.5,False,False,50.0,False,DEMONSTRATION_ONLY
LOW,LOOP_A,Conditioning loop,43,10.75,PSY_C,Cold-tolerant organism C,0.11834598389660594,-0.9268464753870905,14.0,7.1,0.997,0.7,1.7104022575185198,1.6665340236405322,1.6665340236405322,1.5,False,False,25.0,False,DEMONSTRATION_ONLY
LOW,LOOP_A,Conditioning loop,44,11.0,IND_A,Indicator organism A,1.6522771118628914,0.21808288684650423,14.0,7.1,0.997,0.7,1.6665340236405322,1.6235344389930184,1.6235344389930184,1.5,False,False,250.0,False,DEMONSTRATION_ONLY
LOW,LOOP_A,Conditioning loop,44,11.0,MES_B,Mesophilic organism B,0.14309821393230188,-0.8443657868145519,14.0,7.1,0.997,0.7,1.6665340236405322,1.6235344389930184,1.6235344389930184,1.5,False,False,50.0,False,DEMONSTRATION_ONLY
LOW,LOOP_A,Conditioning loop,44,11.0,PSY_C,Cold-tolerant organism C,0.11520958450162394,-0.9385113896365973,14.0,7.1,0.997,0.7,1.6665340236405322,1.6235344389930184,1.6235344389930184,1.5,False,False,25.0,False,DEMONSTRATION_ONLY
LOW,LOOP_A,Conditioning loop,45,11.25,IND_A,Indicator organism A,1.6073801164335109,0.20611859172818645,14.0,7.1,0.997,0.7,1.6235344389930184,1.5813863031687838,2.8,1.5,False,True,250.0,False,DEMONSTRATION_ONLY
LOW,LOOP_A,Conditioning loop,45,11.25,MES_B,Mesophilic organism B,0.13816060097658456,-0.8596157863247409,14.0,7.1,0.997,0.7,1.6235344389930184,1.5813863031687838,2.8,1.5,False,True,50.0,False,DEMONSTRATION_ONLY
LOW,LOOP_A,Conditioning loop,45,11.25,PSY_C,Cold-tolerant organism C,0.11220190661030897,-0.9499997631930387,14.0,7.1,0.997,0.7,1.6235344389930184,1.5813863031687838,2.8,1.5,False,True,25.0,False,DEMONSTRATION_ONLY
LOW,LOOP_A,Conditioning loop,46,11.5,IND_A,Indicator organism A,1.5422751398404655,0.1881618581865661,14.0,7.1,0.997,0.7,2.8,2.7345562852589147,2.7345562852589147,1.5,False,False,250.0,False,DEMONSTRATION_ONLY
LOW,LOOP_A,Conditioning loop,46,11.5,MES_B,Mesophilic organism B,0.13188667470877344,-0.8797990815786696,14.0,7.1,0.997,0.7,2.8,2.7345562852589147,2.7345562852589147,1.5,False,False,50.0,False,DEMONSTRATION_ONLY
LOW,LOOP_A,Conditioning loop,46,11.5,PSY_C,Cold-tolerant organism C,0.10827680753270552,-0.9654645575872444,14.0,7.1,0.997,0.7,2.8,2.7345562852589147,2.7345562852589147,1.5,False,False,25.0,False,DEMONSTRATION_ONLY
LOW,LOOP_A,Conditioning loop,47,11.75,IND_A,Indicator organism A,1.4810683717962714,0.1705751076828865,14.0,7.1,0.997,0.7,2.7345562852589147,2.670408442893437,2.670408442893437,1.5,False,False,250.0,False,DEMONSTRATION_ONLY
LOW,LOOP_A,Conditioning loop,47,11.75,MES_B,Mesophilic organism B,0.12600514022581027,-0.8996117380080635,14.0,7.1,0.997,0.7,2.7345562852589147,2.670408442893437,2.670408442893437,1.5,False,False,50.0,False,DEMONSTRATION_ONLY
LOW,LOOP_A,Conditioning loop,47,11.75,PSY_C,Cold-tolerant organism C,0.10455291150758808,-0.9806638687853468,14.0,7.1,0.997,0.7,2.7345562852589147,2.670408442893437,2.670408442893437,1.5,False,False,25.0,False,DEMONSTRATION_ONLY
LOW,LOOP_A,Conditioning loop,48,12.0,IND_A,Indicator organism A,1.4810683717962714,0.1705751076828865,14.0,7.1,0.997,0.7,2.670408442893437,2.670408442893437,2.670408442893437,1.5,False,False,250.0,False,DEMONSTRATION_ONLY
LOW,LOOP_A,Conditioning loop,48,12.0,MES_B,Mesophilic organism B,0.12600514022581027,-0.8996117380080635,14.0,7.1,0.997,0.7,2.670408442893437,2.670408442893437,2.670408442893437,1.5,False,False,50.0,False,DEMONSTRATION_ONLY
LOW,LOOP_A,Conditioning loop,48,12.0,PSY_C,Cold-tolerant organism C,0.10455291150758808,-0.9806638687853468,14.0,7.1,0.997,0.7,2.670408442893437,2.670408442893437,2.670408442893437,1.5,False,False,25.0,False,DEMONSTRATION_ONLY
LOW,LOOP_B,Open-product wash loop,0,0.0,IND_A,Indicator organism A,7.780845595493185,0.8910267971825988,16.0,7.0,0.997,1.2,2.8,2.695818429821753,2.695818429821753,1.5,False,False,250.0,False,DEMONSTRATION_ONLY
LOW,LOOP_B,Open-product wash loop,0,0.0,MES_B,Mesophilic organism B,0.9539662824605345,-0.02046697498155642,16.0,7.0,0.997,1.2,2.8,2.695818429821753,2.695818429821753,1.5,False,False,50.0,False,DEMONSTRATION_ONLY
LOW,LOOP_B,Open-product wash loop,0,0.0,PSY_C,Cold-tolerant organism C,0.479396064245191,-0.3193055357667206,16.0,7.0,0.997,1.2,2.8,2.695818429821753,2.695818429821753,1.5,False,False,25.0,False,DEMONSTRATION_ONLY
LOW,LOOP_B,Open-product wash loop,1,0.25,IND_A,Indicator organism A,7.576320623462069,0.8794583453581972,16.0,7.0,0.997,1.2,2.695818429821753,2.594917893372775,2.594917893372775,1.5,False,False,250.0,False,DEMONSTRATION_ONLY
LOW,LOOP_B,Open-product wash loop,1,0.25,MES_B,Mesophilic organism B,0.9109326382728271,-0.04051373708632693,16.0,7.0,0.997,1.2,2.695818429821753,2.594917893372775,2.594917893372775,1.5,False,False,50.0,False,DEMONSTRATION_ONLY
LOW,LOOP_B,Open-product wash loop,1,0.25,PSY_C,Cold-tolerant organism C,0.459997882488012,-0.33724416750513986,16.0,7.0,0.997,1.2,2.695818429821753,2.594917893372775,2.594917893372775,1.5,False,False,25.0,False,DEMONSTRATION_ONLY
LOW,LOOP_B,Open-product wash loop,2,0.5,IND_A,Indicator organism A,7.385316484619047,0.8683691109653119,16.0,7.0,0.997,1.2,2.594917893372775,2.497195059686618,2.497195059686618,1.5,False,False,250.0,False,DEMONSTRATION_ONLY
LOW,LOOP_B,Open-product wash loop,2,0.5,MES_B,Mesophilic organism B,0.8779011536739537,-0.0565543802563196,16.0,7.0,0.997,1.2,2.594917893372775,2.497195059686618,2.497195059686618,1.5,False,False,50.0,False,DEMONSTRATION_ONLY
LOW,LOOP_B,Open-product wash loop,2,0.5,PSY_C,Cold-tolerant organism C,0.4488318816874564,-0.34791630159778536,16.0,7.0,0.997,1.2,2.594917893372775,2.497195059686618,2.497195059686618,1.5,False,False,25.0,False,DEMONSTRATION_ONLY
LOW,LOOP_B,Open-product wash loop,3,0.75,IND_A,Indicator organism A,7.206826311272561,0.8577440554346516,16.0,7.0,0.997,1.2,2.497195059686618,2.402549852042144,2.402549852042144,1.5,False,False,250.0,False,DEMONSTRATION_ONLY
LOW,LOOP_B,Open-product wash loop,3,0.75,MES_B,Mesophilic organism B,0.8468336063449907,-0.07220191546062937,16.0,7.0,0.997,1.2,2.497195059686618,2.402549852042144,2.402549852042144,1.5,False,False,50.0,False,DEMONSTRATION_ONLY
LOW,LOOP_B,Open-product wash loop,3,0.75,PSY_C,Cold-tolerant organism C,0.4382525169693313,-0.35827558098943785,16.0,7.0,0.997,1.2,2.497195059686618,2.402549852042144,2.402549852042144,1.5,False,False,25.0,False,DEMONSTRATION_ONLY
LOW,LOOP_B,Open-product wash loop,4,1.0,IND_A,Indicator organism A,7.039934317150967,0.8475686071773447,16.0,7.0,0.997,1.2,2.402549852042144,2.3108853454762186,2.3108853454762186,1.5,False,False,250.0,False,DEMONSTRATION_ONLY
LOW,LOOP_B,Open-product wash loop,4,1.0,MES_B,Mesophilic organism B,0.8175826727001024,-0.08746832125837513,16.0,7.0,0.997,1.2,2.402549852042144,2.3108853454762186,2.3108853454762186,1.5,False,False,50.0,False,DEMONSTRATION_ONLY
LOW,LOOP_B,Open-product wash loop,4,1.0,PSY_C,Cold-tolerant organism C,0.42822132570511406,-0.36833170835070683,16.0,7.0,0.997,1.2,2.402549852042144,2.3108853454762186,2.3108853454762186,1.5,False,False,25.0,False,DEMONSTRATION_ONLY
LOW,LOOP_B,Open-product wash loop,5,1.25,IND_A,Indicator organism A,6.883806389316935,0.8378286470660782,16.0,7.0,0.997,1.2,2.3108853454762186,2.222107667524078,2.222107667524078,1.5,False,False,250.0,False,DEMONSTRATION_ONLY
LOW,LOOP_B,Open-product wash loop,5,1.25,MES_B,Mesophilic organism B,0.79001402008785,-0.10236520137695035,16.0,7.0,0.997,1.2,2.3108853454762186,2.222107667524078,2.222107667524078,1.5,False,False,50.0,False,DEMONSTRATION_ONLY
LOW,LOOP_B,Open-product wash loop,5,1.25,PSY_C,Cold-tolerant organism C,0.41870284764483284,-0.3780940854134464,16.0,7.0,0.997,1.2,2.3108853454762186,2.222107667524078,2.222107667524078,1.5,False,False,25.0,False,DEMONSTRATION_ONLY
LOW,LOOP_B,Open-product wash loop,6,1.5,IND_A,Indicator organism A,6.737681763509889,0.8285104943839711,16.0,7.0,0.997,1.2,2.222107667524078,2.136125902085723,2.136125902085723,1.5,False,False,250.0,False,DEMONSTRATION_ONLY
LOW,LOOP_B,Open-product wash loop,6,1.5,MES_B,Mesophilic organism B,0.7640050045298498,-0.11690379661726841,16.0,7.0,0.997,1.2,2.222107667524078,2.136125902085723,2.136125902085723,1.5,False,False,50.0,False,DEMONSTRATION_ONLY
LOW,LOOP_B,Open-product wash loop,6,1.5,PSY_C,Cold-tolerant organism C,0.40966435511831734,-0.38757182235117016,16.0,7.0,0.997,1.2,2.222107667524078,2.136125902085723,2.136125902085723,1.5,False,False,25.0,False,DEMONSTRATION_ONLY
LOW,LOOP_B,Open-product wash loop,7,1.75,IND_A,Indicator organism A,6.6008656461787485,0.8196008932246944,16.0,7.0,0.997,1.2,2.136125902085723,2.052851996319886,2.052851996319886,1.5,False,False,250.0,False,DEMONSTRATION_ONLY
LOW,LOOP_B,Open-product wash loop,7,1.75,MES_B,Mesophilic organism B,0.7394435135459267,-0.1310949963692914,16.0,7.0,0.997,1.2,2.136125902085723,2.052851996319886,2.052851996319886,1.5,False,False,50.0,False,DEMONSTRATION_ONLY
LOW,LOOP_B,Open-product wash loop,7,1.75,PSY_C,Cold-tolerant organism C,0.401075610410571,-0.3967737468594366,16.0,7.0,0.997,1.2,2.136125902085723,2.052851996319886,2.052851996319886,1.5,False,False,25.0,False,DEMONSTRATION_ONLY
LOW,LOOP_B,Open-product wash loop,8,2.0,IND_A,Indicator organism A,6.472722665145637,0.8110869993279585,16.0,7.0,0.997,1.2,2.052851996319886,1.9722006704702304,1.9722006704702304,1.5,False,False,250.0,False,DEMONSTRATION_ONLY
LOW,LOOP_B,Open-product wash loop,8,2.0,MES_B,Mesophilic organism B,0.716226936389102,-0.14494934975085838,16.0,7.0,0.997,1.2,2.052851996319886,1.9722006704702304,1.9722006704702304,1.5,False,False,50.0,False,DEMONSTRATION_ONLY
LOW,LOOP_B,Open-product wash loop,8,2.0,PSY_C,Cold-tolerant organism C,0.39290864729967456,-0.4057084129463876,16.0,7.0,0.997,1.2,2.052851996319886,1.9722006704702304,1.9722006704702304,1.5,False,False,25.0,False,DEMONSTRATION_ONLY
LOW,LOOP_B,Open-product wash loop,9,2.25,IND_A,Indicator organism A,6.352671046784507,0.8029563673350926,16.0,7.0,0.997,1.2,1.9722006704702304,1.8940893305314248,1.8940893305314248,1.5,False,False,250.0,False,DEMONSTRATION_ONLY
LOW,LOOP_B,Open-product wash loop,9,2.25,MES_B,Mesophilic organism B,0.6942612463410939,-0.15847707638243122,16.0,7.0,0.997,1.2,1.9722006704702304,1.8940893305314248,1.8940893305314248,1.5,False,False,50.0,False,DEMONSTRATION_ONLY
LOW,LOOP_B,Open-product wash loop,9,2.25,PSY_C,Cold-tolerant organism C,0.38513757410812366,-0.41438410944325266,16.0,7.0,0.997,1.2,1.9722006704702304,1.8940893305314248,1.8940893305314248,1.5,False,False,25.0,False,DEMONSTRATION_ONLY
LOW,LOOP_B,Open-product wash loop,10,2.5,IND_A,Indicator organism A,6.240177431232828,0.7951969384500219,16.0,7.0,0.997,1.2,1.8940893305314248,1.818437983665666,1.818437983665666,1.5,False,False,250.0,False,DEMONSTRATION_ONLY
LOW,LOOP_B,Open-product wash loop,10,2.5,MES_B,Mesophilic organism B,0.6734601817182325,-0.17168807680997838,16.0,7.0,0.997,1.2,1.8940893305314248,1.818437983665666,1.818437983665666,1.5,False,False,50.0,False,DEMONSTRATION_ONLY
LOW,LOOP_B,Open-product wash loop,10,2.5,PSY_C,Cold-tolerant organism C,0.37773839593407577,-0.42280886824427877,16.0,7.0,0.997,1.2,1.8940893305314248,1.818437983665666,1.818437983665666,1.5,False,False,25.0,False,DEMONSTRATION_ONLY
LOW,LOOP_B,Open-product wash loop,11,2.75,IND_A,Indicator organism A,6.134752248835613,0.7877970284915163,16.0,7.0,0.997,1.2,1.818437983665666,1.7451691562830218,1.7451691562830218,1.5,False,False,250.0,False,DEMONSTRATION_ONLY
LOW,LOOP_B,Open-product wash loop,11,2.75,MES_B,Mesophilic organism B,0.6537445139579279,-0.18459194258783762,16.0,7.0,0.997,1.2,1.818437983665666,1.7451691562830218,1.7451691562830218,1.5,False,False,50.0,False,DEMONSTRATION_ONLY
LOW,LOOP_B,Open-product wash loop,11,2.75,PSY_C,Cold-tolerant organism C,0.37068885400411117,-0.43099047228520343,16.0,7.0,0.997,1.2,1.818437983665666,1.7451691562830218,1.7451691562830218,1.5,False,False,25.0,False,DEMONSTRATION_ONLY
LOW,LOOP_B,Open-product wash loop,12,3.0,IND_A,Indicator organism A,6.035945591046875,0.7807453163231334,16.0,7.0,0.997,1.2,1.7451691562830218,1.6742078147017065,1.6742078147017065,1.5,False,False,250.0,False,DEMONSTRATION_ONLY
LOW,LOOP_B,Open-product wash loop,12,3.0,MES_B,Mesophilic organism B,0.6350413926385439,-0.1971979660330133,16.0,7.0,0.997,1.2,1.7451691562830218,1.6742078147017065,1.6742078147017065,1.5,False,False,50.0,False,DEMONSTRATION_ONLY
LOW,LOOP_B,Open-product wash loop,12,3.0,PSY_C,Cold-tolerant organism C,0.3639682803293353,-0.4389364632690541,16.0,7.0,0.997,1.2,1.7451691562830218,1.6742078147017065,1.6742078147017065,1.5,False,False,25.0,False,DEMONSTRATION_ONLY
LOW,LOOP_B,Open-product wash loop,13,3.25,IND_A,Indicator organism A,5.943343517634073,0.7740308326478106,16.0,7.0,0.997,1.2,1.6742078147017065,1.6054812883070324,1.6054812883070324,1.5,False,False,250.0,False,DEMONSTRATION_ONLY
LOW,LOOP_B,Open-product wash loop,13,3.25,MES_B,Mesophilic organism B,0.6172837585655626,-0.20951514966199652,16.0,7.0,0.997,1.2,1.6742078147017065,1.6054812883070324,1.6054812883070324,1.5,False,False,50.0,False,DEMONSTRATION_ONLY
LOW,LOOP_B,Open-product wash loop,13,3.25,PSY_C,Cold-tolerant organism C,0.35755746605668887,-0.44665414914774093,16.0,7.0,0.997,1.2,1.6742078147017065,1.6054812883070324,1.6054812883070324,1.5,False,False,25.0,False,DEMONSTRATION_ONLY
LOW,LOOP_B,Open-product wash loop,14,3.5,IND_A,Indicator organism A,5.856564749455999,0.7676429491545743,16.0,7.0,0.997,1.2,1.6054812883070324,1.5389191951303507,2.8,1.5,False,True,250.0,False,DEMONSTRATION_ONLY
LOW,LOOP_B,Open-product wash loop,14,3.5,MES_B,Mesophilic organism B,0.600409817163784,-0.22155221532083405,16.0,7.0,0.997,1.2,1.6054812883070324,1.5389191951303507,2.8,1.5,False,True,50.0,False,DEMONSTRATION_ONLY
LOW,LOOP_B,Open-product wash loop,14,3.5,PSY_C,Cold-tolerant organism C,0.3514385420912423,-0.4541506113675991,16.0,7.0,0.997,1.2,1.6054812883070324,1.5389191951303507,2.8,1.5,False,True,25.0,False,DEMONSTRATION_ONLY
LOW,LOOP_B,Open-product wash loop,15,3.75,IND_A,Indicator organism A,5.6968255578256395,0.7556329211534266,16.0,7.0,0.997,1.2,2.8,2.695818429821753,2.695818429821753,1.5,False,False,250.0,False,DEMONSTRATION_ONLY
LOW,LOOP_B,Open-product wash loop,15,3.75,MES_B,Mesophilic organism B,0.577744566743635,-0.23826413004505104,16.0,7.0,0.997,1.2,2.8,2.695818429821753,2.695818429821753,1.5,False,False,50.0,False,DEMONSTRATION_ONLY
LOW,LOOP_B,Open-product wash loop,15,3.75,PSY_C,Cold-tolerant organism C,0.34245968088494205,-0.4653905523465235,16.0,7.0,0.997,1.2,2.8,2.695818429821753,2.695818429821753,1.5,False,False,25.0,False,DEMONSTRATION_ONLY
LOW,LOOP_B,Open-product wash loop,16,4.0,IND_A,Indicator organism A,5.547777579561466,0.7441190410988959,16.0,7.0,0.997,1.2,2.695818429821753,2.594917893372775,2.594917893372775,1.5,False,False,250.0,False,DEMONSTRATION_ONLY
LOW,LOOP_B,Open-product wash loop,16,4.0,MES_B,Mesophilic organism B,0.5564779162640047,-0.25455206589348783,16.0,7.0,0.997,1.2,2.695818429821753,2.594917893372775,2.594917893372775,1.5,False,False,50.0,False,DEMONSTRATION_ONLY
LOW,LOOP_B,Open-product wash loop,16,4.0,PSY_C,Cold-tolerant organism C,0.3339680373584314,-0.4762950956527887,16.0,7.0,0.997,1.2,2.695818429821753,2.594917893372775,2.594917893372775,1.5,False,False,25.0,False,DEMONSTRATION_ONLY
LOW,LOOP_B,Open-product wash loop,17,4.25,IND_A,Indicator organism A,5.408611202906602,0.7330857633793797,16.0,7.0,0.997,1.2,2.594917893372775,2.497195059686618,2.497195059686618,1.5,False,False,250.0,False,DEMONSTRATION_ONLY
LOW,LOOP_B,Open-product wash loop,17,4.25,MES_B,Mesophilic organism B,0.536501905571828,-0.2704287311484308,16.0,7.0,0.997,1.2,2.594917893372775,2.497195059686618,2.497195059686618,1.5,False,False,50.0,False,DEMONSTRATION_ONLY
LOW,LOOP_B,Open-product wash loop,17,4.25,PSY_C,Cold-tolerant organism C,0.32593080460562895,-0.4868745912439273,16.0,7.0,0.997,1.2,2.594917893372775,2.497195059686618,2.497195059686618,1.5,False,False,25.0,False,DEMONSTRATION_ONLY
LOW,LOOP_B,Open-product wash loop,18,4.5,IND_A,Indicator organism A,5.278591117247689,0.7225180225994717,16.0,7.0,0.997,1.2,2.497195059686618,2.402549852042144,2.402549852042144,1.5,False,False,250.0,False,DEMONSTRATION_ONLY
LOW,LOOP_B,Open-product wash loop,18,4.5,MES_B,Mesophilic organism B,0.5177183533799683,-0.28590643878411104,16.0,7.0,0.997,1.2,2.497195059686618,2.402549852042144,2.402549852042144,1.5,False,False,50.0,False,DEMONSTRATION_ONLY
LOW,LOOP_B,Open-product wash loop,18,4.5,PSY_C,Cold-tolerant organism C,0.31831780397065196,-0.4971390699873207,16.0,7.0,0.997,1.2,2.497195059686618,2.402549852042144,2.402549852042144,1.5,False,False,25.0,False,DEMONSTRATION_ONLY
LOW,LOOP_B,Open-product wash loop,19,4.75,IND_A,Indicator organism A,5.157048534549861,0.7124012187032048,16.0,7.0,0.997,1.2,2.402549852042144,2.3108853454762186,2.3108853454762186,1.5,False,False,250.0,False,DEMONSTRATION_ONLY
LOW,LOOP_B,Open-product wash loop,19,4.75,MES_B,Mesophilic organism B,0.5000378519048643,-0.30099711916157956,16.0,7.0,0.997,1.2,2.402549852042144,2.3108853454762186,2.3108853454762186,1.5,False,False,50.0,False,DEMONSTRATION_ONLY
LOW,LOOP_B,Open-product wash loop,19,4.75,PSY_C,Cold-tolerant organism C,0.31110124306124415,-0.5070982535857342,16.0,7.0,0.997,1.2,2.402549852042144,2.3108853454762186,2.3108853454762186,1.5,False,False,25.0,False,DEMONSTRATION_ONLY
LOW,LOOP_B,Open-product wash loop,20,5.0,IND_A,Indicator organism A,5.04337431797539,0.7027212025827506,16.0,7.0,0.997,1.2,2.3108853454762186,2.222107667524078,2.222107667524078,1.5,False,False,250.0,False,DEMONSTRATION_ONLY
LOW,LOOP_B,Open-product wash loop,20,5.0,MES_B,Mesophilic organism B,0.483378876217285,-0.3157123322955984,16.0,7.0,0.997,1.2,2.3108853454762186,2.222107667524078,2.222107667524078,1.5,False,False,50.0,False,DEMONSTRATION_ONLY
LOW,LOOP_B,Open-product wash loop,20,5.0,PSY_C,Cold-tolerant organism C,0.3042554986984748,-0.5167615641814606,16.0,7.0,0.997,1.2,2.3108853454762186,2.222107667524078,2.222107667524078,1.5,False,False,25.0,False,DEMONSTRATION_ONLY
LOW,LOOP_B,Open-product wash loop,21,5.25,IND_A,Indicator organism A,4.937012901804108,0.6934642621547163,16.0,7.0,0.997,1.2,2.222107667524078,2.136125902085723,2.136125902085723,1.5,False,False,250.0,False,DEMONSTRATION_ONLY
LOW,LOOP_B,Open-product wash loop,21,5.25,MES_B,Mesophilic organism B,0.4676669940086728,-0.3300632797081724,16.0,7.0,0.997,1.2,2.222107667524078,2.136125902085723,2.136125902085723,1.5,False,False,50.0,False,DEMONSTRATION_ONLY
LOW,LOOP_B,Open-product wash loop,21,5.25,PSY_C,Cold-tolerant organism C,0.2977569219782316,-0.5261381336503665,16.0,7.0,0.997,1.2,2.222107667524078,2.136125902085723,2.136125902085723,1.5,False,False,25.0,False,DEMONSTRATION_ONLY
LOW,LOOP_B,Open-product wash loop,22,5.5,IND_A,Indicator organism A,4.837456902786759,0.6846171088868601,16.0,7.0,0.997,1.2,2.136125902085723,2.052851996319886,2.052851996319886,1.5,False,False,250.0,False,DEMONSTRATION_ONLY
LOW,LOOP_B,Open-product wash loop,22,5.5,MES_B,Mesophilic organism B,0.4528341633995283,-0.3440608158829313,16.0,7.0,0.997,1.2,2.136125902085723,2.052851996319886,2.052851996319886,1.5,False,False,50.0,False,DEMONSTRATION_ONLY
LOW,LOOP_B,Open-product wash loop,22,5.5,PSY_C,Cold-tolerant organism C,0.291583662967198,-0.5352368125967131,16.0,7.0,0.997,1.2,2.136125902085723,2.052851996319886,2.052851996319886,1.5,False,False,25.0,False,DEMONSTRATION_ONLY
LOW,LOOP_B,Open-product wash loop,23,5.75,IND_A,Indicator organism A,4.744242336704635,0.6761668647587274,16.0,7.0,0.997,1.2,2.052851996319886,1.9722006704702304,1.9722006704702304,1.5,False,False,250.0,False,DEMONSTRATION_ONLY
LOW,LOOP_B,Open-product wash loop,23,5.75,MES_B,Mesophilic organism B,0.43881810806323307,-0.35771545933416105,16.0,7.0,0.997,1.2,2.052851996319886,1.9722006704702304,1.9722006704702304,1.5,False,False,50.0,False,DEMONSTRATION_ONLY
LOW,LOOP_B,Open-product wash loop,23,5.75,PSY_C,Cold-tolerant organism C,0.2857155128573192,-0.5440661790592135,16.0,7.0,0.997,1.2,2.052851996319886,1.9722006704702304,1.9722006704702304,1.5,False,False,25.0,False,DEMONSTRATION_ONLY
LOW,LOOP_B,Open-product wash loop,24,6.0,IND_A,Indicator organism A,4.656944365553212,0.6681010496403611,16.0,7.0,0.997,1.2,1.9722006704702304,1.8940893305314248,1.8940893305314248,1.5,False,False,250.0,False,DEMONSTRATION_ONLY
LOW,LOOP_B,Open-product wash loop,24,6.0,MES_B,Mesophilic organism B,0.4255617603509888,-0.37103740330387225,16.0,7.0,0.997,1.2,1.9722006704702304,1.8940893305314248,1.8940893305314248,1.5,False,False,50.0,False,DEMONSTRATION_ONLY
LOW,LOOP_B,Open-product wash loop,24,6.0,PSY_C,Cold-tolerant organism C,0.2801337616646756,-0.5526345469384029,16.0,7.0,0.997,1.2,1.9722006704702304,1.8940893305314248,1.8940893305314248,1.5,False,False,25.0,False,DEMONSTRATION_ONLY
LOW,LOOP_B,Open-product wash loop,25,6.25,IND_A,Indicator organism A,4.575173510725532,0.6604075690738855,16.0,7.0,0.997,1.2,1.8940893305314248,1.818437983665666,1.818437983665666,1.5,False,False,250.0,False,DEMONSTRATION_ONLY
LOW,LOOP_B,Open-product wash loop,25,6.25,MES_B,Mesophilic organism B,0.4130127643167182,-0.3840365260998858,16.0,7.0,0.997,1.2,1.8940893305314248,1.818437983665666,1.818437983665666,1.5,False,False,50.0,False,DEMONSTRATION_ONLY
LOW,LOOP_B,Open-product wash loop,25,6.25,PSY_C,Cold-tolerant organism C,0.2748210697866943,-0.560949974155007,16.0,7.0,0.997,1.2,1.8940893305314248,1.818437983665666,1.818437983665666,1.5,False,False,25.0,False,DEMONSTRATION_ONLY
LOW,LOOP_B,Open-product wash loop,26,6.5,IND_A,Indicator organism A,4.498572276102554,0.6530747024433857,16.0,7.0,0.997,1.2,1.818437983665666,1.7451691562830218,1.7451691562830218,1.5,False,False,250.0,False,DEMONSTRATION_ONLY
LOW,LOOP_B,Open-product wash loop,26,6.5,MES_B,Mesophilic organism B,0.40112303158465784,-0.39672240108751144,16.0,7.0,0.997,1.2,1.818437983665666,1.7451691562830218,1.7451691562830218,1.5,False,False,50.0,False,DEMONSTRATION_ONLY
LOW,LOOP_B,Open-product wash loop,26,6.5,PSY_C,Cold-tolerant organism C,0.2697613519304256,-0.5690202705486327,16.0,7.0,0.997,1.2,1.818437983665666,1.7451691562830218,1.7451691562830218,1.5,False,False,25.0,False,DEMONSTRATION_ONLY
LOW,LOOP_B,Open-product wash loop,27,6.75,IND_A,Indicator organism A,4.426812132280286,0.6460910915191109,16.0,7.0,0.997,1.2,1.7451691562830218,1.6742078147017065,1.6742078147017065,1.5,False,False,250.0,False,DEMONSTRATION_ONLY
LOW,LOOP_B,Open-product wash loop,27,6.75,MES_B,Mesophilic organism B,0.38984834390210876,-0.40910430634699557,16.0,7.0,0.997,1.2,1.7451691562830218,1.6742078147017065,1.6742078147017065,1.5,False,False,50.0,False,DEMONSTRATION_ONLY
LOW,LOOP_B,Open-product wash loop,27,6.75,PSY_C,Cold-tolerant organism C,0.2649396720981749,-0.5768530055257426,16.0,7.0,0.997,1.2,1.7451691562830218,1.6742078147017065,1.6742078147017065,1.5,False,False,25.0,False,DEMONSTRATION_ONLY
LOW,LOOP_B,Open-product wash loop,28,7.0,IND_A,Indicator organism A,4.359590819459531,0.6394457293626139,16.0,7.0,0.997,1.2,1.6742078147017065,1.6054812883070324,1.6054812883070324,1.5,False,False,250.0,False,DEMONSTRATION_ONLY
LOW,LOOP_B,Open-product wash loop,28,7.0,MES_B,Mesophilic organism B,0.3791479969965663,-0.4211912340085179,16.0,7.0,0.997,1.2,1.6742078147017065,1.6054812883070324,1.6054812883070324,1.5,False,False,50.0,False,DEMONSTRATION_ONLY
LOW,LOOP_B,Open-product wash loop,28,7.0,PSY_C,Cold-tolerant organism C,0.26034214846854803,-0.5844555154655386,16.0,7.0,0.997,1.2,1.6742078147017065,1.6054812883070324,1.6054812883070324,1.5,False,False,25.0,False,DEMONSTRATION_ONLY
LOW,LOOP_B,Open-product wash loop,29,7.25,IND_A,Indicator organism A,4.296629931947063,0.633127949580005,16.0,7.0,0.997,1.2,1.6054812883070324,1.5389191951303507,2.8,1.5,False,True,250.0,False,DEMONSTRATION_ONLY
LOW,LOOP_B,Open-product wash loop,29,7.25,MES_B,Mesophilic organism B,0.3689844810281167,-0.43299189927612963,16.0,7.0,0.997,1.2,1.6054812883070324,1.5389191951303507,2.8,1.5,False,True,50.0,False,DEMONSTRATION_ONLY
LOW,LOOP_B,Open-product wash loop,29,7.25,PSY_C,Cold-tolerant organism C,0.2559558671438467,-0.5918349108920404,16.0,7.0,0.997,1.2,1.6054812883070324,1.5389191951303507,2.8,1.5,False,True,25.0,False,DEMONSTRATION_ONLY
LOW,LOOP_B,Open-product wash loop,30,7.5,IND_A,Indicator organism A,4.180131528307986,0.6211899471146733,16.0,7.0,0.997,1.2,2.8,2.695818429821753,2.695818429821753,1.5,False,False,250.0,False,DEMONSTRATION_ONLY
LOW,LOOP_B,Open-product wash loop,30,7.5,MES_B,Mesophilic organism B,0.35525607347778,-0.4494584886141767,16.0,7.0,0.997,1.2,2.8,2.695818429821753,2.695818429821753,1.5,False,False,50.0,False,DEMONSTRATION_ONLY
LOW,LOOP_B,Open-product wash loop,30,7.5,PSY_C,Cold-tolerant organism C,0.249485416744609,-0.6029548352608153,16.0,7.0,0.997,1.2,2.8,2.695818429821753,2.695818429821753,1.5,False,False,25.0,False,DEMONSTRATION_ONLY
LOW,LOOP_B,Open-product wash loop,31,7.75,IND_A,Indicator organism A,4.07145820867636,0.6097499813530003,16.0,7.0,0.997,1.2,2.695818429821753,2.594917893372775,2.594917893372775,1.5,False,False,250.0,False,DEMONSTRATION_ONLY
LOW,LOOP_B,Open-product wash loop,31,7.75,MES_B,Mesophilic organism B,0.3423796160265143,-0.46549209945845116,16.0,7.0,0.997,1.2,2.695818429821753,2.594917893372775,2.594917893372775,1.5,False,False,50.0,False,DEMONSTRATION_ONLY
LOW,LOOP_B,Open-product wash loop,31,7.75,PSY_C,Cold-tolerant organism C,0.24336805096850475,-0.6137364359613576,16.0,7.0,0.997,1.2,2.695818429821753,2.594917893372775,2.594917893372775,1.5,False,False,25.0,False,DEMONSTRATION_ONLY
LOW,LOOP_B,Open-product wash loop,32,8.0,IND_A,Indicator organism A,3.97001795629261,0.598792471070712,16.0,7.0,0.997,1.2,2.594917893372775,2.497195059686618,2.497195059686618,1.5,False,False,250.0,False,DEMONSTRATION_ONLY
LOW,LOOP_B,Open-product wash loop,32,8.0,MES_B,Mesophilic organism B,0.3302893922986149,-0.4811053740535278,16.0,7.0,0.997,1.2,2.594917893372775,2.497195059686618,2.497195059686618,1.5,False,False,50.0,False,DEMONSTRATION_ONLY
LOW,LOOP_B,Open-product wash loop,32,8.0,PSY_C,Cold-tolerant organism C,0.2375800180252893,-0.624190089053992,16.0,7.0,0.997,1.2,2.594917893372775,2.497195059686618,2.497195059686618,1.5,False,False,25.0,False,DEMONSTRATION_ONLY
LOW,LOOP_B,Open-product wash loop,33,8.25,IND_A,Indicator organism A,3.8752730924066237,0.5883023128671443,16.0,7.0,0.997,1.2,2.497195059686618,2.402549852042144,2.402549852042144,1.5,False,False,250.0,False,DEMONSTRATION_ONLY
LOW,LOOP_B,Open-product wash loop,33,8.25,MES_B,Mesophilic organism B,0.31892563735273705,-0.49631056789001804,16.0,7.0,0.997,1.2,2.497195059686618,2.402549852042144,2.402549852042144,1.5,False,False,50.0,False,DEMONSTRATION_ONLY
LOW,LOOP_B,Open-product wash loop,33,8.25,PSY_C,Cold-tolerant organism C,0.23209946870949766,-0.6343258536707412,16.0,7.0,0.997,1.2,2.497195059686618,2.402549852042144,2.402549852042144,1.5,False,False,25.0,False,DEMONSTRATION_ONLY
LOW,LOOP_B,Open-product wash loop,34,8.5,IND_A,Indicator organism A,3.786734587592401,0.578264866466616,16.0,7.0,0.997,1.2,2.402549852042144,2.3108853454762186,2.3108853454762186,1.5,False,False,250.0,False,DEMONSTRATION_ONLY
LOW,LOOP_B,Open-product wash loop,34,8.5,MES_B,Mesophilic organism B,0.30823392578780295,-0.5111195623354129,16.0,7.0,0.997,1.2,2.402549852042144,2.3108853454762186,2.3108853454762186,1.5,False,False,50.0,False,DEMONSTRATION_ONLY
LOW,LOOP_B,Open-product wash loop,34,8.5,PSY_C,Cold-tolerant organism C,0.22690628121675277,-0.6441534818144109,16.0,7.0,0.997,1.2,2.402549852042144,2.3108853454762186,2.3108853454762186,1.5,False,False,25.0,False,DEMONSTRATION_ONLY
LOW,LOOP_B,Open-product wash loop,35,8.75,IND_A,Indicator organism A,3.7039570365104297,0.5686659405059393,16.0,7.0,0.997,1.2,2.3108853454762186,2.222107667524078,2.222107667524078,1.5,False,False,250.0,False,DEMONSTRATION_ONLY
LOW,LOOP_B,Open-product wash loop,35,8.75,MES_B,Mesophilic organism B,0.2981646296679232,-0.52554387681572,16.0,7.0,0.997,1.2,2.3108853454762186,2.222107667524078,2.222107667524078,1.5,False,False,50.0,False,DEMONSTRATION_ONLY
LOW,LOOP_B,Open-product wash loop,35,8.75,PSY_C,Cold-tolerant organism C,0.22198190401270193,-0.6536824278365333,16.0,7.0,0.997,1.2,2.3108853454762186,2.222107667524078,2.222107667524078,1.5,False,False,25.0,False,DEMONSTRATION_ONLY
LOW,LOOP_B,Open-product wash loop,36,9.0,IND_A,Indicator organism A,3.62653421137038,0.5594917787891598,16.0,7.0,0.997,1.2,2.222107667524078,2.136125902085723,2.136125902085723,1.5,False,False,250.0,False,DEMONSTRATION_ONLY
LOW,LOOP_B,Open-product wash loop,36,9.0,MES_B,Mesophilic organism B,0.28867243756431826,-0.5395946805639072,16.0,7.0,0.997,1.2,2.222107667524078,2.136125902085723,2.136125902085723,1.5,False,False,50.0,False,DEMONSTRATION_ONLY
LOW,LOOP_B,Open-product wash loop,36,9.0,PSY_C,Cold-tolerant organism C,0.21730921470980885,-0.6629218576059663,16.0,7.0,0.997,1.2,2.222107667524078,2.136125902085723,2.136125902085723,1.5,False,False,25.0,False,DEMONSTRATION_ONLY
LOW,LOOP_B,Open-product wash loop,37,9.25,IND_A,Indicator organism A,3.554095121057509,0.5507290469913904,16.0,7.0,0.997,1.2,2.136125902085723,2.052851996319886,2.052851996319886,1.5,False,False,250.0,False,DEMONSTRATION_ONLY
LOW,LOOP_B,Open-product wash loop,37,9.25,MES_B,Mesophilic organism B,0.2797159271832294,-0.5532828039507695,16.0,7.0,0.997,1.2,2.136125902085723,2.052851996319886,2.052851996319886,1.5,False,False,50.0,False,DEMONSTRATION_ONLY
LOW,LOOP_B,Open-product wash loop,37,9.25,PSY_C,Cold-tolerant organism C,0.21287239315856102,-0.6718806573794739,16.0,7.0,0.997,1.2,2.136125902085723,2.052851996319886,2.052851996319886,1.5,False,False,25.0,False,DEMONSTRATION_ONLY
LOW,LOOP_B,Open-product wash loop,38,9.5,IND_A,Indicator organism A,3.486300512862981,0.5423648197943591,16.0,7.0,0.997,1.2,2.052851996319886,1.9722006704702304,1.9722006704702304,1.5,False,False,250.0,False,DEMONSTRATION_ONLY
LOW,LOOP_B,Open-product wash loop,38,9.5,MES_B,Mesophilic organism B,0.27125718505119367,-0.5666187494134294,16.0,7.0,0.997,1.2,2.052851996319886,1.9722006704702304,1.9722006704702304,1.5,False,False,50.0,False,DEMONSTRATION_ONLY
LOW,LOOP_B,Open-product wash loop,38,9.5,PSY_C,Cold-tolerant organism C,0.2086568071777837,-0.680567442385174,16.0,7.0,0.997,1.2,2.052851996319886,1.9722006704702304,1.9722006704702304,1.5,False,False,25.0,False,DEMONSTRATION_ONLY
LOW,LOOP_B,Open-product wash loop,39,9.75,IND_A,Indicator organism A,3.4228397622741875,0.5343865684370304,16.0,7.0,0.997,1.2,1.9722006704702304,1.8940893305314248,1.8940893305314248,1.5,False,False,250.0,False,DEMONSTRATION_ONLY
LOW,LOOP_B,Open-product wash loop,39,9.75,MES_B,Mesophilic organism B,0.2632614675886286,-0.5796127019962644,16.0,7.0,0.997,1.2,1.9722006704702304,1.8940893305314248,1.8940893305314248,1.5,False,False,50.0,False,DEMONSTRATION_ONLY
LOW,LOOP_B,Open-product wash loop,39,9.75,PSY_C,Cold-tolerant organism C,0.204648909538366,-0.6889905651293009,16.0,7.0,0.997,1.2,1.9722006704702304,1.8940893305314248,1.8940893305314248,1.5,False,False,25.0,False,DEMONSTRATION_ONLY
LOW,LOOP_B,Open-product wash loop,40,10.0,IND_A,Indicator organism A,3.3634281035636966,0.5267821486653868,16.0,7.0,0.997,1.2,1.8940893305314248,1.818437983665666,1.818437983665666,1.5,False,False,250.0,False,DEMONSTRATION_ONLY
LOW,LOOP_B,Open-product wash loop,40,10.0,MES_B,Mesophilic organism B,0.2556968986410459,-0.5922745395186331,16.0,7.0,0.997,1.2,1.8940893305314248,1.818437983665666,1.818437983665666,1.5,False,False,50.0,False,DEMONSTRATION_ONLY
LOW,LOOP_B,Open-product wash loop,40,10.0,PSY_C,Cold-tolerant organism C,0.2008361449797725,-0.6971581234363109,16.0,7.0,0.997,1.2,1.8940893305314248,1.818437983665666,1.818437983665666,1.5,False,False,25.0,False,DEMONSTRATION_ONLY
LOW,LOOP_B,Open-product wash loop,41,10.25,IND_A,Indicator organism A,3.3078041601547397,0.5195397890661629,16.0,7.0,0.997,1.2,1.818437983665666,1.7451691562830218,1.7451691562830218,1.5,False,False,250.0,False,DEMONSTRATION_ONLY
LOW,LOOP_B,Open-product wash loop,41,10.25,MES_B,Mesophilic organism B,0.2485341991725628,-0.6046138423833489,16.0,7.0,0.997,1.2,1.818437983665666,1.7451691562830218,1.7451691562830218,1.5,False,False,50.0,False,DEMONSTRATION_ONLY
LOW,LOOP_B,Open-product wash loop,41,10.25,PSY_C,Cold-tolerant organism C,0.1972068661826288,-0.7050779682319506,16.0,7.0,0.997,1.2,1.818437983665666,1.7451691562830218,1.7451691562830218,1.5,False,False,25.0,False,DEMONSTRATION_ONLY
LOW,LOOP_B,Open-product wash loop,42,10.5,IND_A,Indicator organism A,3.255727739096347,0.5126480797700084,16.0,7.0,0.997,1.2,1.7451691562830218,1.6742078147017065,1.6742078147017065,1.5,False,False,250.0,False,DEMONSTRATION_ONLY
LOW,LOOP_B,Open-product wash loop,42,10.5,MES_B,Mesophilic organism B,0.24174644537398957,-0.6166399030394225,16.0,7.0,0.997,1.2,1.7451691562830218,1.6742078147017065,1.6742078147017065,1.5,False,False,50.0,False,DEMONSTRATION_ONLY
LOW,LOOP_B,Open-product wash loop,42,10.5,PSY_C,Cold-tolerant organism C,0.19375025774632423,-0.7127577110785197,16.0,7.0,0.997,1.2,1.7451691562830218,1.6742078147017065,1.6742078147017065,1.5,False,False,25.0,False,DEMONSTRATION_ONLY
LOW,LOOP_B,Open-product wash loop,43,10.75,IND_A,Indicator organism A,3.206977858585686,0.5060959615102139,16.0,7.0,0.997,1.2,1.6742078147017065,1.6054812883070324,1.6054812883070324,1.5,False,False,250.0,False,DEMONSTRATION_ONLY
LOW,LOOP_B,Open-product wash loop,43,10.75,MES_B,Mesophilic organism B,0.2353088519105346,-0.6283617351121642,16.0,7.0,0.997,1.2,1.6742078147017065,1.6054812883070324,1.6054812883070324,1.5,False,False,50.0,False,DEMONSTRATION_ONLY
LOW,LOOP_B,Open-product wash loop,43,10.75,PSY_C,Cold-tolerant organism C,0.19045626733044185,-0.720204731471176,16.0,7.0,0.997,1.2,1.6742078147017065,1.6054812883070324,1.6054812883070324,1.5,False,False,25.0,False,DEMONSTRATION_ONLY
LOW,LOOP_B,Open-product wash loop,44,11.0,IND_A,Indicator organism A,3.1613509814411236,0.49987271502378333,16.0,7.0,0.997,1.2,1.6054812883070324,1.5389191951303507,2.8,1.5,False,True,250.0,False,DEMONSTRATION_ONLY
LOW,LOOP_B,Open-product wash loop,44,11.0,MES_B,Mesophilic organism B,0.2291985774429699,-0.639788082213311,16.0,7.0,0.997,1.2,1.6054812883070324,1.5389191951303507,2.8,1.5,False,True,50.0,False,DEMONSTRATION_ONLY
LOW,LOOP_B,Open-product wash loop,44,11.0,PSY_C,Cold-tolerant organism C,0.18731554321502644,-0.727426183903769,16.0,7.0,0.997,1.2,1.6054812883070324,1.5389191951303507,2.8,1.5,False,True,25.0,False,DEMONSTRATION_ONLY
LOW,LOOP_B,Open-product wash loop,45,11.25,IND_A,Indicator organism A,3.0763220624814114,0.4880318001270214,16.0,7.0,0.997,1.2,2.8,2.695818429821753,2.695818429821753,1.5,False,False,250.0,False,DEMONSTRATION_ONLY
LOW,LOOP_B,Open-product wash loop,45,11.25,MES_B,Mesophilic organism B,0.2208682156749156,-0.6558667773389374,16.0,7.0,0.997,1.2,2.8,2.695818429821753,2.695818429821753,1.5,False,False,50.0,False,DEMONSTRATION_ONLY
LOW,LOOP_B,Open-product wash loop,45,11.25,PSY_C,Cold-tolerant organism C,0.18264833213179543,-0.7383842892295898,16.0,7.0,0.997,1.2,2.8,2.695818429821753,2.695818429821753,1.5,False,False,25.0,False,DEMONSTRATION_ONLY
LOW,LOOP_B,Open-product wash loop,46,11.5,IND_A,Indicator organism A,2.9970323356279267,0.4766914286677067,16.0,7.0,0.997,1.2,2.695818429821753,2.594917893372775,2.594917893372775,1.5,False,False,250.0,False,DEMONSTRATION_ONLY
LOW,LOOP_B,Open-product wash loop,46,11.5,MES_B,Mesophilic organism B,0.21305961573663273,-0.6714988605852303,16.0,7.0,0.997,1.2,2.695818429821753,2.594917893372775,2.594917893372775,1.5,False,False,50.0,False,DEMONSTRATION_ONLY
LOW,LOOP_B,Open-product wash loop,46,11.5,PSY_C,Cold-tolerant organism C,0.1782377804807488,-0.749000234557111,16.0,7.0,0.997,1.2,2.695818429821753,2.594917893372775,2.594917893372775,1.5,False,False,25.0,False,DEMONSTRATION_ONLY
LOW,LOOP_B,Open-product wash loop,47,11.75,IND_A,Indicator organism A,2.9230481438888827,0.4658359684375223,16.0,7.0,0.997,1.2,2.594917893372775,2.497195059686618,2.497195059686618,1.5,False,False,250.0,False,DEMONSTRATION_ONLY
LOW,LOOP_B,Open-product wash loop,47,11.75,MES_B,Mesophilic organism B,0.20573257740129214,-0.6866969330724791,16.0,7.0,0.997,1.2,2.594917893372775,2.497195059686618,2.497195059686618,1.5,False,False,50.0,False,DEMONSTRATION_ONLY
LOW,LOOP_B,Open-product wash loop,47,11.75,PSY_C,Cold-tolerant organism C,0.17406664598723445,-0.7592844388277034,16.0,7.0,0.997,1.2,2.594917893372775,2.497195059686618,2.497195059686618,1.5,False,False,25.0,False,DEMONSTRATION_ONLY
LOW,LOOP_B,Open-product wash loop,48,12.0,IND_A,Indicator organism A,2.9230481438888827,0.4658359684375223,16.0,7.0,0.997,1.2,2.497195059686618,2.497195059686618,2.497195059686618,1.5,False,False,250.0,False,DEMONSTRATION_ONLY
LOW,LOOP_B,Open-product wash loop,48,12.0,MES_B,Mesophilic organism B,0.20573257740129214,-0.6866969330724791,16.0,7.0,0.997,1.2,2.497195059686618,2.497195059686618,2.497195059686618,1.5,False,False,50.0,False,DEMONSTRATION_ONLY
LOW,LOOP_B,Open-product wash loop,48,12.0,PSY_C,Cold-tolerant organism C,0.17406664598723445,-0.7592844388277034,16.0,7.0,0.997,1.2,2.497195059686618,2.497195059686618,2.497195059686618,1.5,False,False,25.0,False,DEMONSTRATION_ONLY
LOW,LOOP_C,Chilled recovery loop,0,0.0,IND_A,Indicator organism A,7.566006982479663,0.8788667377564858,5.0,7.2,0.997,0.5,2.8,2.7550731239360133,2.7550731239360133,1.5,False,False,250.0,False,DEMONSTRATION_ONLY
LOW,LOOP_C,Chilled recovery loop,0,0.0,MES_B,Mesophilic organism B,0.9489102054155011,-0.022774882554409306,5.0,7.2,0.997,0.5,2.8,2.7550731239360133,2.7550731239360133,1.5,False,False,50.0,False,DEMONSTRATION_ONLY
LOW,LOOP_C,Chilled recovery loop,0,0.0,PSY_C,Cold-tolerant organism C,0.47676796877611805,-0.32169292996888643,5.0,7.2,0.997,0.5,2.8,2.7550731239360133,2.7550731239360133,1.5,False,False,25.0,False,DEMONSTRATION_ONLY
LOW,LOOP_C,Chilled recovery loop,1,0.25,IND_A,Indicator organism A,7.159061565529261,0.8548560972208326,5.0,7.2,0.997,0.5,2.7550731239360133,2.710770841777914,2.710770841777914,1.5,False,False,250.0,False,DEMONSTRATION_ONLY
LOW,LOOP_C,Chilled recovery loop,1,0.25,MES_B,Mesophilic organism B,0.9008109502347221,-0.04536634318809909,5.0,7.2,0.997,0.5,2.7550731239360133,2.710770841777914,2.710770841777914,1.5,False,False,50.0,False,DEMONSTRATION_ONLY
LOW,LOOP_C,Chilled recovery loop,1,0.25,PSY_C,Cold-tolerant organism C,0.45477065438069475,-0.34220756740496916,5.0,7.2,0.997,0.5,2.7550731239360133,2.710770841777914,2.710770841777914,1.5,False,False,25.0,False,DEMONSTRATION_ONLY
LOW,LOOP_C,Chilled recovery loop,2,0.5,IND_A,Indicator organism A,6.7772840259914275,0.8310556866634916,5.0,7.2,0.997,0.5,2.710770841777914,2.6670844701365723,2.6670844701365723,1.5,False,False,250.0,False,DEMONSTRATION_ONLY
LOW,LOOP_C,Chilled recovery loop,2,0.5,MES_B,Mesophilic organism B,0.855507644890595,-0.06777610521234248,5.0,7.2,0.997,0.5,2.710770841777914,2.6670844701365723,2.6670844701365723,1.5,False,False,50.0,False,DEMONSTRATION_ONLY
LOW,LOOP_C,Chilled recovery loop,2,0.5,PSY_C,Cold-tolerant organism C,0.43479956618286597,-0.3617108978987179,5.0,7.2,0.997,0.5,2.710770841777914,2.6670844701365723,2.6670844701365723,1.5,False,False,25.0,False,DEMONSTRATION_ONLY
LOW,LOOP_C,Chilled recovery loop,3,0.75,IND_A,Indicator organism A,6.4189380313505255,0.8074631830105865,5.0,7.2,0.997,0.5,2.6670844701365723,2.6240054463432902,2.6240054463432902,1.5,False,False,250.0,False,DEMONSTRATION_ONLY
LOW,LOOP_C,Chilled recovery loop,3,0.75,MES_B,Mesophilic organism B,0.8128195912002333,-0.09000583723582406,5.0,7.2,0.997,0.5,2.6670844701365723,2.6240054463432902,2.6240054463432902,1.5,False,False,50.0,False,DEMONSTRATION_ONLY
LOW,LOOP_C,Chilled recovery loop,3,0.75,PSY_C,Cold-tolerant organism C,0.41584430380604176,-0.3810692430625153,5.0,7.2,0.997,0.5,2.6670844701365723,2.6240054463432902,2.6240054463432902,1.5,False,False,25.0,False,DEMONSTRATION_ONLY
LOW,LOOP_C,Chilled recovery loop,4,1.0,IND_A,Indicator organism A,6.082418783703921,0.7840763186674328,5.0,7.2,0.997,0.5,2.6240054463432902,2.5815253267714935,2.5815253267714935,1.5,False,False,250.0,False,DEMONSTRATION_ONLY
LOW,LOOP_C,Chilled recovery loop,4,1.0,MES_B,Mesophilic organism B,0.7725789070226307,-0.11205715315305234,5.0,7.2,0.997,0.5,2.6240054463432902,2.5815253267714935,2.5815253267714935,1.5,False,False,50.0,False,DEMONSTRATION_ONLY
LOW,LOOP_C,Chilled recovery loop,4,1.0,PSY_C,Cold-tolerant organism C,0.39784698005647945,-0.40028393419655356,5.0,7.2,0.997,0.5,2.6240054463432902,2.5815253267714935,2.5815253267714935,1.5,False,False,25.0,False,DEMONSTRATION_ONLY
LOW,LOOP_C,Chilled recovery loop,5,1.25,IND_A,Indicator organism A,5.766242216061104,0.76089288135593,5.0,7.2,0.997,0.5,2.5815253267714935,2.539635785181752,2.539635785181752,1.5,False,False,250.0,False,DEMONSTRATION_ONLY
LOW,LOOP_C,Chilled recovery loop,5,1.25,MES_B,Mesophilic organism B,0.7346295403435233,-0.13393161213251203,5.0,7.2,0.997,0.5,2.5815253267714935,2.539635785181752,2.539635785181752,1.5,False,False,50.0,False,DEMONSTRATION_ONLY
LOW,LOOP_C,Chilled recovery loop,5,1.25,PSY_C,Cold-tolerant organism C,0.38075335357710083,-0.41935626282155725,5.0,7.2,0.997,0.5,2.5815253267714935,2.539635785181752,2.539635785181752,1.5,False,False,25.0,False,DEMONSTRATION_ONLY
LOW,LOOP_C,Chilled recovery loop,6,1.5,IND_A,Indicator organism A,5.46903514146345,0.7379107139569444,5.0,7.2,0.997,0.5,2.539635785181752,2.498328611089811,2.498328611089811,1.5,False,False,250.0,False,DEMONSTRATION_ONLY
LOW,LOOP_C,Chilled recovery loop,6,1.5,MES_B,Mesophilic organism B,0.6988263648574496,-0.15563071860594593,5.0,7.2,0.997,0.5,2.539635785181752,2.498328611089811,2.498328611089811,1.5,False,False,50.0,False,DEMONSTRATION_ONLY
LOW,LOOP_C,Chilled recovery loop,6,1.5,PSY_C,Cold-tolerant organism C,0.3645125783040411,-0.43828748080613095,5.0,7.2,0.997,0.5,2.539635785181752,2.498328611089811,2.498328611089811,1.5,False,False,25.0,False,DEMONSTRATION_ONLY
LOW,LOOP_C,Chilled recovery loop,7,1.75,IND_A,Indicator organism A,5.189526265380242,0.7151277143568129,5.0,7.2,0.997,0.5,2.498328611089811,2.4575957081573097,2.4575957081573097,1.5,False,False,250.0,False,DEMONSTRATION_ONLY
LOW,LOOP_C,Chilled recovery loop,7,1.75,MES_B,Mesophilic organism B,0.6650343498623006,-0.17715592226023516,5.0,7.2,0.997,0.5,2.498328611089811,2.4575957081573097,2.4575957081573097,1.5,False,False,50.0,False,DEMONSTRATION_ONLY
LOW,LOOP_C,Chilled recovery loop,7,1.75,PSY_C,Cold-tolerant organism C,0.3490769715155562,-0.4570788004943266,5.0,7.2,0.997,0.5,2.498328611089811,2.4575957081573097,2.4575957081573097,1.5,False,False,25.0,False,DEMONSTRATION_ONLY
LOW,LOOP_C,Chilled recovery loop,8,2.0,IND_A,Indicator organism A,4.926537980748627,0.6925418352970574,5.0,7.2,0.997,0.5,2.4575957081573097,2.4174290926048725,2.4174290926048725,1.5,False,False,250.0,False,DEMONSTRATION_ONLY
LOW,LOOP_C,Chilled recovery loop,8,2.0,MES_B,Mesophilic organism B,0.6331277979530547,-0.19850861803343342,5.0,7.2,0.997,0.5,2.4575957081573097,2.4174290926048725,2.4174290926048725,1.5,False,False,50.0,False,DEMONSTRATION_ONLY
LOW,LOOP_C,Chilled recovery loop,8,2.0,PSY_C,Cold-tolerant organism C,0.33440179899566175,-0.4757313948341358,5.0,7.2,0.997,0.5,2.4575957081573097,2.4174290926048725,2.4174290926048725,1.5,False,False,25.0,False,DEMONSTRATION_ONLY
LOW,LOOP_C,Chilled recovery loop,9,2.25,IND_A,Indicator organism A,4.6789788730025474,0.6701510842263483,5.0,7.2,0.997,0.5,2.4174290926048725,2.3778208916472634,2.3778208916472634,1.5,False,False,250.0,False,DEMONSTRATION_ONLY
LOW,LOOP_C,Chilled recovery loop,9,2.25,MES_B,Mesophilic organism B,0.6029896446066294,-0.2196901461165908,5.0,7.2,0.997,0.5,2.4174290926048725,2.3778208916472634,2.3778208916472634,1.5,False,False,50.0,False,DEMONSTRATION_ONLY
LOW,LOOP_C,Chilled recovery loop,9,2.25,PSY_C,Cold-tolerant organism C,0.3204450759598018,-0.494246397507647,5.0,7.2,0.997,0.5,2.4174290926048725,2.3778208916472634,2.3778208916472634,1.5,False,False,25.0,False,DEMONSTRATION_ONLY
LOW,LOOP_C,Chilled recovery loop,10,2.5,IND_A,Indicator organism A,4.445836869581414,0.6479535231537075,5.0,7.2,0.997,0.5,2.3778208916472634,2.3387633419502953,2.3387633419502953,1.5,False,False,250.0,False,DEMONSTRATION_ONLY
LOW,LOOP_C,Chilled recovery loop,10,2.5,MES_B,Mesophilic organism B,0.5745108142956874,-0.2407017919630949,5.0,7.2,0.997,0.5,2.3778208916472634,2.3387633419502953,2.3387633419502953,1.5,False,False,50.0,False,DEMONSTRATION_ONLY
LOW,LOOP_C,Chilled recovery loop,10,2.5,PSY_C,Cold-tolerant organism C,0.30716738250360764,-0.5126249030636327,5.0,7.2,0.997,0.5,2.3778208916472634,2.3387633419502953,2.3387633419502953,1.5,False,False,25.0,False,DEMONSTRATION_ONLY
LOW,LOOP_C,Chilled recovery loop,11,2.75,IND_A,Indicator organism A,4.226172974814184,0.6259472685018926,5.0,7.2,0.997,0.5,2.3387633419502953,2.30024878810919,2.30024878810919,1.5,False,False,250.0,False,DEMONSTRATION_ONLY
LOW,LOOP_C,Chilled recovery loop,11,2.75,MES_B,Mesophilic organism B,0.5475896282619391,-0.2615447863073418,5.0,7.2,0.997,0.5,2.3387633419502953,2.30024878810919,2.30024878810919,1.5,False,False,50.0,False,DEMONSTRATION_ONLY
LOW,LOOP_C,Chilled recovery loop,11,2.75,PSY_C,Cold-tolerant organism C,0.2945316924394343,-0.5308679670533712,5.0,7.2,0.997,0.5,2.3387633419502953,2.30024878810919,2.30024878810919,1.5,False,False,25.0,False,DEMONSTRATION_ONLY
LOW,LOOP_C,Chilled recovery loop,12,3.0,IND_A,Indicator organism A,4.019115536819306,0.6041304909598526,5.0,7.2,0.997,0.5,2.30024878810919,2.262269681148097,2.262269681148097,1.5,False,False,250.0,False,DEMONSTRATION_ONLY
LOW,LOOP_C,Chilled recovery loop,12,3.0,MES_B,Mesophilic organism B,0.5221312595244072,-0.282220305194643,5.0,7.2,0.997,0.5,2.30024878810919,2.262269681148097,2.262269681148097,1.5,False,False,50.0,False,DEMONSTRATION_ONLY
LOW,LOOP_C,Chilled recovery loop,12,3.0,PSY_C,Cold-tolerant organism C,0.28250321447982635,-0.5489766061705308,5.0,7.2,0.997,0.5,2.30024878810919,2.262269681148097,2.262269681148097,1.5,False,False,25.0,False,DEMONSTRATION_ONLY
LOW,LOOP_C,Chilled recovery loop,13,3.25,IND_A,Indicator organism A,3.823854998216983,0.5825014153330891,5.0,7.2,0.997,0.5,2.262269681148097,2.224818577040466,2.224818577040466,1.5,False,False,250.0,False,DEMONSTRATION_ONLY
LOW,LOOP_C,Chilled recovery loop,13,3.25,MES_B,Mesophilic organism B,0.49804723110015303,-0.3027294700243642,5.0,7.2,0.997,0.5,2.262269681148097,2.224818577040466,2.224818577040466,1.5,False,False,50.0,False,DEMONSTRATION_ONLY
LOW,LOOP_C,Chilled recovery loop,13,3.25,PSY_C,Cold-tolerant organism C,0.2710492448132042,-0.5669517983959865,5.0,7.2,0.997,0.5,2.262269681148097,2.224818577040466,2.224818577040466,1.5,False,False,25.0,False,DEMONSTRATION_ONLY
LOW,LOOP_C,Chilled recovery loop,14,3.5,IND_A,Indicator organism A,3.6396390870808912,0.5610583203907076,5.0,7.2,0.997,0.5,2.224818577040466,2.1878881352499984,2.1878881352499984,1.5,False,False,250.0,False,DEMONSTRATION_ONLY
LOW,LOOP_C,Chilled recovery loop,14,3.5,MES_B,Mesophilic organism B,0.47525495377844007,-0.3230733476083823,5.0,7.2,0.997,0.5,2.224818577040466,2.1878881352499984,2.1878881352499984,1.5,False,False,50.0,False,DEMONSTRATION_ONLY
LOW,LOOP_C,Chilled recovery loop,14,3.5,PSY_C,Cold-tolerant organism C,0.26013903019565676,-0.5847944831484622,5.0,7.2,0.997,0.5,2.224818577040466,2.1878881352499984,2.1878881352499984,1.5,False,False,25.0,False,DEMONSTRATION_ONLY
LOW,LOOP_C,Chilled recovery loop,15,3.75,IND_A,Indicator organism A,3.465768408717906,0.5397995387078869,5.0,7.2,0.997,0.5,2.1878881352499984,2.1514711172918757,2.1514711172918757,1.5,False,False,250.0,False,DEMONSTRATION_ONLY
LOW,LOOP_C,Chilled recovery loop,15,3.75,MES_B,Mesophilic organism B,0.4536773001181105,-0.34325295024704305,5.0,7.2,0.997,0.5,2.1878881352499984,2.1514711172918757,2.1514711172918757,1.5,False,False,50.0,False,DEMONSTRATION_ONLY
LOW,LOOP_C,Chilled recovery loop,15,3.75,PSY_C,Cold-tolerant organism C,0.2497436407544727,-0.6025055614419323,5.0,7.2,0.997,0.5,2.1878881352499984,2.1514711172918757,2.1514711172918757,1.5,False,False,25.0,False,DEMONSTRATION_ONLY
LOW,LOOP_C,Chilled recovery loop,16,4.0,IND_A,Indicator organism A,3.301592402606572,0.5187234565024347,5.0,7.2,0.997,0.5,2.1514711172918757,2.1155603853139944,2.1155603853139944,1.5,False,False,250.0,False,DEMONSTRATION_ONLY
LOW,LOOP_C,Chilled recovery loop,16,4.0,MES_B,Mesophilic organism B,0.4332422116355677,-0.36326923582489085,5.0,7.2,0.997,0.5,2.1514711172918757,2.1155603853139944,2.1155603853139944,1.5,False,False,50.0,False,DEMONSTRATION_ONLY
LOW,LOOP_C,Chilled recovery loop,16,4.0,PSY_C,Cold-tolerant organism C,0.23983585176456532,-0.620085896050744,5.0,7.2,0.997,0.5,2.1514711172918757,2.1155603853139944,2.1155603853139944,1.5,False,False,25.0,False,DEMONSTRATION_ONLY
LOW,LOOP_C,Chilled recovery loop,17,4.25,IND_A,Indicator organism A,3.146505632192381,0.49782851346404877,5.0,7.2,0.997,0.5,2.1155603853139944,2.080148900697924,2.080148900697924,1.5,False,False,250.0,False,DEMONSTRATION_ONLY
LOW,LOOP_C,Chilled recovery loop,17,4.25,MES_B,Mesophilic organism B,0.41388233642028277,-0.3831231079285329,5.0,7.2,0.997,0.5,2.1155603853139944,2.080148900697924,2.080148900697924,1.5,False,False,50.0,False,DEMONSTRATION_ONLY
LOW,LOOP_C,Chilled recovery loop,17,4.25,PSY_C,Cold-tolerant organism C,0.23039003371881883,-0.6375363116834531,5.0,7.2,0.997,0.5,2.1155603853139944,2.080148900697924,2.080148900697924,1.5,False,False,25.0,False,DEMONSTRATION_ONLY
LOW,LOOP_C,Chilled recovery loop,18,4.5,IND_A,Indicator organism A,2.9999443782697153,0.47711320257483764,5.0,7.2,0.997,0.5,2.080148900697924,2.045229722679315,2.045229722679315,1.5,False,False,250.0,False,DEMONSTRATION_ONLY
LOW,LOOP_C,Chilled recovery loop,18,4.5,MES_B,Mesophilic organism B,0.395534694658975,-0.4028154159890933,5.0,7.2,0.997,0.5,2.080148900697924,2.045229722679315,2.045229722679315,1.5,False,False,50.0,False,DEMONSTRATION_ONLY
LOW,LOOP_C,Chilled recovery loop,18,4.5,PSY_C,Cold-tolerant organism C,0.22138205006811543,-0.6548575951664024,5.0,7.2,0.997,0.5,2.080148900697924,2.045229722679315,2.045229722679315,1.5,False,False,25.0,False,DEMONSTRATION_ONLY
LOW,LOOP_C,Chilled recovery loop,19,4.75,IND_A,Indicator organism A,2.861383509411861,0.4565760699196044,5.0,7.2,0.997,0.5,2.045229722679315,2.0107960069874866,2.0107960069874866,1.5,False,False,250.0,False,DEMONSTRATION_ONLY
LOW,LOOP_C,Chilled recovery loop,19,4.75,MES_B,Mesophilic organism B,0.3781403697710462,-0.42234695545179557,5.0,7.2,0.997,0.5,2.045229722679315,2.0107960069874866,2.0107960069874866,1.5,False,False,50.0,False,DEMONSTRATION_ONLY
LOW,LOOP_C,Chilled recovery loop,19,4.75,PSY_C,Cold-tolerant organism C,0.2127891620568632,-0.6720504956380992,5.0,7.2,0.997,0.5,2.045229722679315,2.0107960069874866,2.0107960069874866,1.5,False,False,25.0,False,DEMONSTRATION_ONLY
LOW,LOOP_C,Chilled recovery loop,20,5.0,IND_A,Indicator organism A,2.730333605372899,0.43621571448433527,5.0,7.2,0.997,0.5,2.0107960069874866,1.976841004503929,1.976841004503929,1.5,False,False,250.0,False,DEMONSTRATION_ONLY
LOW,LOOP_C,Chilled recovery loop,20,5.0,MES_B,Mesophilic organism B,0.3616442230587158,-0.44171846797530023,5.0,7.2,0.997,0.5,2.0107960069874866,1.976841004503929,1.976841004503929,1.5,False,False,50.0,False,DEMONSTRATION_ONLY
LOW,LOOP_C,Chilled recovery loop,20,5.0,PSY_C,Cold-tolerant organism C,0.20458994012565077,-0.6891157247554781,5.0,7.2,0.997,0.5,2.0107960069874866,1.976841004503929,1.976841004503929,1.5,False,False,25.0,False,DEMONSTRATION_ONLY
LOW,LOOP_C,Chilled recovery loop,21,5.25,IND_A,Indicator organism A,2.6063383116064918,0.41603078794128057,5.0,7.2,0.997,0.5,1.976841004503929,1.9433580599394535,1.9433580599394535,1.5,False,False,250.0,False,DEMONSTRATION_ONLY
LOW,LOOP_C,Chilled recovery loop,21,5.25,MES_B,Mesophilic organism B,0.3459946299576166,-0.4609306416635037,5.0,7.2,0.997,0.5,1.976841004503929,1.9433580599394535,1.9433580599394535,1.5,False,False,50.0,False,DEMONSTRATION_ONLY
LOW,LOOP_C,Chilled recovery loop,21,5.25,PSY_C,Cold-tolerant organism C,0.19676418139458923,-0.7060539569131669,5.0,7.2,0.997,0.5,1.976841004503929,1.9433580599394535,1.9433580599394535,1.5,False,False,25.0,False,DEMONSTRATION_ONLY
LOW,LOOP_C,Chilled recovery loop,22,5.5,IND_A,Indicator organism A,2.4889719050514127,0.3960199944189571,5.0,7.2,0.997,0.5,1.9433580599394535,1.9103406105297347,1.9103406105297347,1.5,False,False,250.0,False,DEMONSTRATION_ONLY
LOW,LOOP_C,Chilled recovery loop,22,5.5,MES_B,Mesophilic organism B,0.33114323613917174,-0.47998411133258245,5.0,7.2,0.997,0.5,1.9433580599394535,1.9103406105297347,1.9103406105297347,1.5,False,False,50.0,False,DEMONSTRATION_ONLY
LOW,LOOP_C,Chilled recovery loop,22,5.5,PSY_C,Cold-tolerant organism C,0.1892928327793098,-0.7228658294768984,5.0,7.2,0.997,0.5,1.9433580599394535,1.9103406105297347,1.9103406105297347,1.5,False,False,25.0,False,DEMONSTRATION_ONLY
LOW,LOOP_C,Chilled recovery loop,23,5.75,IND_A,Indicator organism A,2.377837053144257,0.37618209025535077,5.0,7.2,0.997,0.5,1.9103406105297347,1.8777821847489877,1.8777821847489877,1.5,False,False,250.0,False,DEMONSTRATION_ONLY
LOW,LOOP_C,Chilled recovery loop,23,5.75,MES_B,Mesophilic organism B,0.31704473186650245,-0.49887945881613427,5.0,7.2,0.997,0.5,1.9103406105297347,1.8777821847489877,1.8777821847489877,1.5,False,False,50.0,False,DEMONSTRATION_ONLY
LOW,LOOP_C,Chilled recovery loop,23,5.75,PSY_C,Cold-tolerant organism C,0.18215791932677886,-0.739551943032238,5.0,7.2,0.997,0.5,1.9103406105297347,1.8777821847489877,1.8777821847489877,1.5,False,False,25.0,False,DEMONSTRATION_ONLY
LOW,LOOP_C,Chilled recovery loop,24,6.0,IND_A,Indicator organism A,2.2725627496559158,0.3565158837325377,5.0,7.2,0.997,0.5,1.8777821847489877,1.8456764010415285,1.8456764010415285,1.5,False,False,250.0,False,DEMONSTRATION_ONLY
LOW,LOOP_C,Chilled recovery loop,24,6.0,MES_B,Mesophilic organism B,0.3036566431423661,-0.5176172133113397,5.0,7.2,0.997,0.5,1.8777821847489877,1.8456764010415285,1.8456764010415285,1.5,False,False,50.0,False,DEMONSTRATION_ONLY
LOW,LOOP_C,Chilled recovery loop,24,6.0,PSY_C,Cold-tolerant organism C,0.1753424773903555,-0.7561128616498225,5.0,7.2,0.997,0.5,1.8777821847489877,1.8456764010415285,1.8456764010415285,1.5,False,False,25.0,False,DEMONSTRATION_ONLY
LOW,LOOP_C,Chilled recovery loop,25,6.25,IND_A,Indicator organism A,2.1728024124277905,0.33702023479089727,5.0,7.2,0.997,0.5,1.8456764010415285,1.8140169665709682,1.8140169665709682,1.5,False,False,250.0,False,DEMONSTRATION_ONLY
LOW,LOOP_C,Chilled recovery loop,25,6.25,MES_B,Mesophilic organism B,0.29093913831200735,-0.5361978517691158,5.0,7.2,0.997,0.5,1.8456764010415285,1.8140169665709682,1.8140169665709682,1.5,False,False,50.0,False,DEMONSTRATION_ONLY
LOW,LOOP_C,Chilled recovery loop,25,6.25,PSY_C,Cold-tolerant organism C,0.16883049229310768,-0.7725491131683243,5.0,7.2,0.997,0.5,1.8456764010415285,1.8140169665709682,1.8140169665709682,1.5,False,False,25.0,False,DEMONSTRATION_ONLY
LOW,LOOP_C,Chilled recovery loop,26,6.5,IND_A,Indicator organism A,2.078232129422124,0.31769405472103707,5.0,7.2,0.997,0.5,1.8140169665709682,1.7827976759867978,1.7827976759867978,1.5,False,False,250.0,False,DEMONSTRATION_ONLY
LOW,LOOP_C,Chilled recovery loop,26,6.5,MES_B,Mesophilic organism B,0.2788548488969942,-0.554621799331291,5.0,7.2,0.997,0.5,1.8140169665709682,1.7827976759867978,1.7827976759867978,1.5,False,False,50.0,False,DEMONSTRATION_ONLY
LOW,LOOP_C,Chilled recovery loop,26,6.5,PSY_C,Cold-tolerant organism C,0.1626068401555527,-0.7888611894963781,5.0,7.2,0.997,0.5,1.8140169665709682,1.7827976759867978,1.7827976759867978,1.5,False,False,25.0,False,DEMONSTRATION_ONLY
LOW,LOOP_C,Chilled recovery loop,27,6.75,IND_A,Indicator organism A,1.9885490407123858,0.2985363058315055,5.0,7.2,0.997,0.5,1.7827976759867978,1.7520124102081187,1.7520124102081187,1.5,False,False,250.0,False,DEMONSTRATION_ONLY
LOW,LOOP_C,Chilled recovery loop,27,6.75,MES_B,Mesophilic organism B,0.2673687035391715,-0.5728894298178598,5.0,7.2,0.997,0.5,1.7827976759867978,1.7520124102081187,1.7520124102081187,1.5,False,False,50.0,False,DEMONSTRATION_ONLY
LOW,LOOP_C,Chilled recovery loop,27,6.75,PSY_C,Cold-tolerant organism C,0.15665723358891329,-0.8050495469347222,5.0,7.2,0.997,0.5,1.7827976759867978,1.7520124102081187,1.7520124102081187,1.5,False,False,25.0,False,DEMONSTRATION_ONLY
LOW,LOOP_C,Chilled recovery loop,28,7.0,IND_A,Indicator organism A,1.9034698451370204,0.27954600109032374,5.0,7.2,0.997,0.5,1.7520124102081187,1.7216551352242837,1.7216551352242837,1.5,False,False,250.0,False,DEMONSTRATION_ONLY
LOW,LOOP_C,Chilled recovery loop,28,7.0,MES_B,Mesophilic organism B,0.2564477740277439,-0.5910010662674158,5.0,7.2,0.997,0.5,1.7520124102081187,1.7216551352242837,1.7216551352242837,1.5,False,False,50.0,False,DEMONSTRATION_ONLY
LOW,LOOP_C,Chilled recovery loop,28,7.0,PSY_C,Cold-tolerant organism C,0.15096817097786852,-0.8211146065198203,5.0,7.2,0.997,0.5,1.7520124102081187,1.7216551352242837,1.7216551352242837,1.5,False,False,25.0,False,DEMONSTRATION_ONLY
LOW,LOOP_C,Chilled recovery loop,29,7.25,IND_A,Indicator organism A,1.8227294213343521,0.26072220373833177,5.0,7.2,0.997,0.5,1.7216551352242837,1.6917199009122115,1.6917199009122115,1.5,False,False,250.0,False,DEMONSTRATION_ONLY
LOW,LOOP_C,Chilled recovery loop,29,7.25,MES_B,Mesophilic organism B,0.24606113246806532,-0.6089569815338627,5.0,7.2,0.997,0.5,1.7216551352242837,1.6917199009122115,1.6917199009122115,1.5,False,False,50.0,False,DEMONSTRATION_ONLY
LOW,LOOP_C,Chilled recovery loop,29,7.25,PSY_C,Cold-tolerant organism C,0.14552688909781042,-0.83705675439024,5.0,7.2,0.997,0.5,1.7216551352242837,1.6917199009122115,1.6917199009122115,1.5,False,False,25.0,False,DEMONSTRATION_ONLY
LOW,LOOP_C,Chilled recovery loop,30,7.5,IND_A,Indicator organism A,1.746079553778205,0.2420640268723056,5.0,7.2,0.997,0.5,1.6917199009122115,1.6622008398701438,1.6622008398701438,1.5,False,False,250.0,False,DEMONSTRATION_ONLY
LOW,LOOP_C,Chilled recovery loop,30,7.5,MES_B,Mesophilic organism B,0.23617971872873736,-0.6267573989425191,5.0,7.2,0.997,0.5,1.6917199009122115,1.6622008398701438,1.6622008398701438,1.5,False,False,50.0,False,DEMONSTRATION_ONLY
LOW,LOOP_C,Chilled recovery loop,30,7.5,PSY_C,Cold-tolerant organism C,0.1403213188309464,-0.8528763421770728,5.0,7.2,0.997,0.5,1.6917199009122115,1.6622008398701438,1.6622008398701438,1.5,False,False,25.0,False,DEMONSTRATION_ONLY
LOW,LOOP_C,Chilled recovery loop,31,7.75,IND_A,Indicator organism A,1.6732877552519416,0.22357063299577914,5.0,7.2,0.997,0.5,1.6622008398701438,1.6330921662676152,1.6330921662676152,1.5,False,False,250.0,False,DEMONSTRATION_ONLY
LOW,LOOP_C,Chilled recovery loop,31,7.75,MES_B,Mesophilic organism B,0.2267762173747988,-0.6444024930087091,5.0,7.2,0.997,0.5,1.6622008398701438,1.6330921662676152,1.6330921662676152,1.5,False,False,50.0,False,DEMONSTRATION_ONLY
LOW,LOOP_C,Chilled recovery loop,31,7.75,PSY_C,Cold-tolerant organism C,0.13534004376336475,-0.8685736874196789,5.0,7.2,0.997,0.5,1.6622008398701438,1.6330921662676152,1.6330921662676152,1.5,False,False,25.0,False,DEMONSTRATION_ONLY
LOW,LOOP_C,Chilled recovery loop,32,8.0,IND_A,Indicator organism A,1.6041361779412828,0.20524123353547596,5.0,7.2,0.997,0.5,1.6330921662676152,1.6043881747114126,1.6043881747114126,1.5,False,False,250.0,False,DEMONSTRATION_ONLY
LOW,LOOP_C,Chilled recovery loop,32,8.0,MES_B,Mesophilic organism B,0.21782494335976246,-0.6618923902219068,5.0,7.2,0.997,0.5,1.6330921662676152,1.6043881747114126,1.6043881747114126,1.5,False,False,50.0,False,DEMONSTRATION_ONLY
LOW,LOOP_C,Chilled recovery loop,32,8.0,PSY_C,Cold-tolerant organism C,0.13057226146153303,-0.8841490740080413,5.0,7.2,0.997,0.5,1.6330921662676152,1.6043881747114126,1.6043881747114126,1.5,False,False,25.0,False,DEMONSTRATION_ONLY
LOW,LOOP_C,Chilled recovery loop,33,8.25,IND_A,Indicator organism A,1.538420606000817,0.1870750883212422,5.0,7.2,0.997,0.5,1.6043881747114126,1.5760832391272994,2.8,1.5,False,True,250.0,False,DEMONSTRATION_ONLY
LOW,LOOP_C,Chilled recovery loop,33,8.25,MES_B,Mesophilic organism B,0.20930173580858916,-0.6792271698984567,5.0,7.2,0.997,0.5,1.6043881747114126,1.5760832391272994,2.8,1.5,False,True,50.0,False,DEMONSTRATION_ONLY
LOW,LOOP_C,Chilled recovery loop,33,8.25,PSY_C,Cold-tolerant organism C,0.12600774724174918,-0.8996027526530055,5.0,7.2,0.997,0.5,1.6043881747114126,1.5760832391272994,2.8,1.5,False,True,25.0,False,DEMONSTRATION_ONLY
LOW,LOOP_C,Chilled recovery loop,34,8.5,IND_A,Indicator organism A,1.4572935559674163,0.16354704449147578,5.0,7.2,0.997,0.5,2.8,2.7550731239360133,2.7550731239360133,1.5,False,False,250.0,False,DEMONSTRATION_ONLY
LOW,LOOP_C,Chilled recovery loop,34,8.5,MES_B,Mesophilic organism B,0.1990644140855073,-0.7010063700459576,5.0,7.2,0.997,0.5,2.8,2.7550731239360133,2.7550731239360133,1.5,False,False,50.0,False,DEMONSTRATION_ONLY
LOW,LOOP_C,Chilled recovery loop,34,8.5,PSY_C,Cold-tolerant organism C,0.12061010479594146,-0.9186163051869202,5.0,7.2,0.997,0.5,2.8,2.7550731239360133,2.7550731239360133,1.5,False,False,25.0,False,DEMONSTRATION_ONLY
LOW,LOOP_C,Chilled recovery loop,35,8.75,IND_A,Indicator organism A,1.3812415687519817,0.14026964005675843,5.0,7.2,0.997,0.5,2.7550731239360133,2.710770841777914,2.710770841777914,1.5,False,False,250.0,False,DEMONSTRATION_ONLY
LOW,LOOP_C,Chilled recovery loop,35,8.75,MES_B,Mesophilic organism B,0.1894296333726304,-0.722552081280295,5.0,7.2,0.997,0.5,2.7550731239360133,2.710770841777914,2.710770841777914,1.5,False,False,50.0,False,DEMONSTRATION_ONLY
LOW,LOOP_C,Chilled recovery loop,35,8.75,PSY_C,Cold-tolerant organism C,0.11549207386866792,-0.9374478200421226,5.0,7.2,0.997,0.5,2.7550731239360133,2.710770841777914,2.710770841777914,1.5,False,False,25.0,False,DEMONSTRATION_ONLY
LOW,LOOP_C,Chilled recovery loop,36,9.0,IND_A,Indicator organism A,1.3099119876024168,0.11724211658501323,5.0,7.2,0.997,0.5,2.710770841777914,2.6670844701365723,2.6670844701365723,1.5,False,False,250.0,False,DEMONSTRATION_ONLY
LOW,LOOP_C,Chilled recovery loop,36,9.0,MES_B,Mesophilic organism B,0.1803581893329038,-0.7438641333492533,5.0,7.2,0.997,0.5,2.710770841777914,2.6670844701365723,2.6670844701365723,1.5,False,False,50.0,False,DEMONSTRATION_ONLY
LOW,LOOP_C,Chilled recovery loop,36,9.0,PSY_C,Cold-tolerant organism C,0.11063751416056519,-0.9560975906579432,5.0,7.2,0.997,0.5,2.710770841777914,2.6670844701365723,2.6670844701365723,1.5,False,False,25.0,False,DEMONSTRATION_ONLY
LOW,LOOP_C,Chilled recovery loop,37,9.25,IND_A,Indicator organism A,1.2429790559520315,0.09446381089337985,5.0,7.2,0.997,0.5,2.6670844701365723,2.6240054463432902,2.6240054463432902,1.5,False,False,250.0,False,DEMONSTRATION_ONLY
LOW,LOOP_C,Chilled recovery loop,37,9.25,MES_B,Mesophilic organism B,0.17181367607466053,-0.7649422700311553,5.0,7.2,0.997,0.5,2.6670844701365723,2.6240054463432902,2.6240054463432902,1.5,False,False,50.0,False,DEMONSTRATION_ONLY
LOW,LOOP_C,Chilled recovery loop,37,9.25,PSY_C,Cold-tolerant organism C,0.1060313144332511,-0.9745658547620559,5.0,7.2,0.997,0.5,2.6670844701365723,2.6240054463432902,2.6240054463432902,1.5,False,False,25.0,False,DEMONSTRATION_ONLY
LOW,LOOP_C,Chilled recovery loop,38,9.5,IND_A,Indicator organism A,1.1801416932095983,0.07193415381860188,5.0,7.2,0.997,0.5,2.6240054463432902,2.5815253267714935,2.5815253267714935,1.5,False,False,250.0,False,DEMONSTRATION_ONLY
LOW,LOOP_C,Chilled recovery loop,38,9.5,MES_B,Mesophilic organism B,0.16376226952155984,-0.785786151575032,5.0,7.2,0.997,0.5,2.6240054463432902,2.5815253267714935,2.5815253267714935,1.5,False,False,50.0,False,DEMONSTRATION_ONLY
LOW,LOOP_C,Chilled recovery loop,38,9.5,PSY_C,Cold-tolerant organism C,0.10165932094669806,-0.9928527955784943,5.0,7.2,0.997,0.5,2.6240054463432902,2.5815253267714935,2.5815253267714935,1.5,False,False,25.0,False,DEMONSTRATION_ONLY
LOW,LOOP_C,Chilled recovery loop,39,9.75,IND_A,Indicator organism A,1.12112146796817,0.04965266880411213,5.0,7.2,0.997,0.5,2.5815253267714935,2.539635785181752,2.539635785181752,1.5,False,False,250.0,False,DEMONSTRATION_ONLY
LOW,LOOP_C,Chilled recovery loop,39,9.75,MES_B,Mesophilic organism B,0.15617252879790552,-0.806395357403227,5.0,7.2,0.997,0.5,2.5815253267714935,2.539635785181752,2.539635785181752,1.5,False,False,50.0,False,DEMONSTRATION_ONLY
LOW,LOOP_C,Chilled recovery loop,39,9.75,PSY_C,Cold-tolerant organism C,0.09750827126843215,-1.0109585431334736,5.0,7.2,0.997,0.5,2.5815253267714935,2.539635785181752,2.539635785181752,1.5,False,False,25.0,False,DEMONSTRATION_ONLY
LOW,LOOP_C,Chilled recovery loop,40,10.0,IND_A,Indicator organism A,1.0656607499649264,0.027618970293298396,5.0,7.2,0.997,0.5,2.539635785181752,2.498328611089811,2.498328611089811,1.5,False,False,250.0,False,DEMONSTRATION_ONLY
LOW,LOOP_C,Chilled recovery loop,40,10.0,MES_B,Mesophilic organism B,0.1490152140318275,-0.8267693890859689,5.0,7.2,0.997,0.5,2.539635785181752,2.498328611089811,2.498328611089811,1.5,False,False,50.0,False,DEMONSTRATION_ONLY
LOW,LOOP_C,Chilled recovery loop,40,10.0,PSY_C,Cold-tolerant organism C,0.0935657330228624,-1.028883175662444,5.0,7.2,0.997,0.5,2.539635785181752,2.498328611089811,2.498328611089811,1.5,False,False,25.0,False,DEMONSTRATION_ONLY
LOW,LOOP_C,Chilled recovery loop,41,10.25,IND_A,Indicator organism A,1.0135210239933543,0.005832761918618296,5.0,7.2,0.997,0.5,2.498328611089811,2.4575957081573097,2.4575957081573097,1.5,False,False,250.0,False,DEMONSTRATION_ONLY
LOW,LOOP_C,Chilled recovery loop,41,10.25,MES_B,Mesophilic organism B,0.14226311912894546,-0.84690767359656,5.0,7.2,0.997,0.5,2.498328611089811,2.4575957081573097,2.4575957081573097,1.5,False,False,50.0,False,DEMONSTRATION_ONLY
LOW,LOOP_C,Chilled recovery loop,41,10.25,PSY_C,Cold-tolerant organism C,0.08982004718594036,-1.0466267211215767,5.0,7.2,0.997,0.5,2.498328611089811,2.4575957081573097,2.4575957081573097,1.5,False,False,25.0,False,DEMONSTRATION_ONLY
LOW,LOOP_C,Chilled recovery loop,42,10.5,IND_A,Indicator organism A,0.9644813506409817,-0.01570616552348388,5.0,7.2,0.997,0.5,2.4575957081573097,2.4174290926048725,2.4174290926048725,1.5,False,False,250.0,False,DEMONSTRATION_ONLY
LOW,LOOP_C,Chilled recovery loop,42,10.5,MES_B,Mesophilic organism B,0.13589091820438864,-0.8668095668548081,5.0,7.2,0.997,0.5,2.4575957081573097,2.4174290926048725,2.4174290926048725,1.5,False,False,50.0,False,DEMONSTRATION_ONLY
LOW,LOOP_C,Chilled recovery loop,42,10.5,PSY_C,Cold-tolerant organism C,0.08626027556390929,-1.064189158806644,5.0,7.2,0.997,0.5,2.4575957081573097,2.4174290926048725,2.4174290926048725,1.5,False,False,25.0,False,DEMONSTRATION_ONLY
LOW,LOOP_C,Chilled recovery loop,43,10.75,IND_A,Indicator organism A,0.9183369602224605,-0.03699793632152396,5.0,7.2,0.997,0.5,2.4174290926048725,2.3778208916472634,2.3778208916472634,1.5,False,False,250.0,False,DEMONSTRATION_ONLY
LOW,LOOP_C,Chilled recovery loop,43,10.75,MES_B,Mesophilic organism B,0.12987502448297286,-0.8864743575651299,5.0,7.2,0.997,0.5,2.4174290926048725,2.3778208916472634,2.3778208916472634,1.5,False,False,50.0,False,DEMONSTRATION_ONLY
LOW,LOOP_C,Chilled recovery loop,43,10.75,PSY_C,Cold-tolerant organism C,0.08287615212544445,-1.0815704210819517,5.0,7.2,0.997,0.5,2.4174290926048725,2.3778208916472634,2.3778208916472634,1.5,False,False,25.0,False,DEMONSTRATION_ONLY
LOW,LOOP_C,Chilled recovery loop,44,11.0,IND_A,Indicator organism A,0.8748979676183406,-0.058042592330959146,5.0,7.2,0.997,0.5,2.3778208916472634,2.3387633419502953,2.3387633419502953,1.5,False,False,250.0,False,DEMONSTRATION_ONLY
LOW,LOOP_C,Chilled recovery loop,44,11.0,MES_B,Mesophilic organism B,0.12419346058731058,-0.905901271354411,5.0,7.2,0.997,0.5,2.3778208916472634,2.3387633419502953,2.3387633419502953,1.5,False,False,50.0,False,DEMONSTRATION_ONLY
LOW,LOOP_C,Chilled recovery loop,44,11.0,PSY_C,Cold-tolerant organism C,0.07965803788429594,-1.0987703952216674,5.0,7.2,0.997,0.5,2.3778208916472634,2.3387633419502953,2.3387633419502953,1.5,False,False,25.0,False,DEMONSTRATION_ONLY
LOW,LOOP_C,Chilled recovery loop,45,11.25,IND_A,Indicator organism A,0.8339881969314481,-0.07884009569777028,5.0,7.2,0.997,0.5,2.3387633419502953,2.30024878810919,2.30024878810919,1.5,False,False,250.0,False,DEMONSTRATION_ONLY
LOW,LOOP_C,Chilled recovery loop,45,11.25,MES_B,Mesophilic organism B,0.11882573923288625,-0.9250894752131769,5.0,7.2,0.997,0.5,2.3387633419502953,2.30024878810919,2.30024878810919,1.5,False,False,50.0,False,DEMONSTRATION_ONLY
LOW,LOOP_C,Chilled recovery loop,45,11.25,PSY_C,Cold-tolerant organism C,0.07659687905488166,-1.1157889253655158,5.0,7.2,0.997,0.5,2.3387633419502953,2.30024878810919,2.30024878810919,1.5,False,False,25.0,False,DEMONSTRATION_ONLY
LOW,LOOP_C,Chilled recovery loop,46,11.5,IND_A,Indicator organism A,0.7954441059505134,-0.09939033183147818,5.0,7.2,0.997,0.5,2.30024878810919,2.262269681148097,2.262269681148097,1.5,False,False,250.0,False,DEMONSTRATION_ONLY
LOW,LOOP_C,Chilled recovery loop,46,11.5,MES_B,Mesophilic organism B,0.11375275343876079,-0.9440380822419492,5.0,7.2,0.997,0.5,2.30024878810919,2.262269681148097,2.262269681148097,1.5,False,False,50.0,False,DEMONSTRATION_ONLY
LOW,LOOP_C,Chilled recovery loop,46,11.5,PSY_C,Cold-tolerant organism C,0.07368416822636986,-1.1326258145903974,5.0,7.2,0.997,0.5,2.30024878810919,2.262269681148097,2.262269681148097,1.5,False,False,25.0,False,DEMONSTRATION_ONLY
LOW,LOOP_C,Chilled recovery loop,47,11.75,IND_A,Indicator organism A,0.7591138013779751,-0.11969311263456883,5.0,7.2,0.997,0.5,2.262269681148097,2.224818577040466,2.224818577040466,1.5,False,False,250.0,False,DEMONSTRATION_ONLY
LOW,LOOP_C,Chilled recovery loop,47,11.75,MES_B,Mesophilic organism B,0.10895667544355948,-0.9627461567028053,5.0,7.2,0.997,0.5,2.262269681148097,2.224818577040466,2.224818577040466,1.5,False,False,50.0,False,DEMONSTRATION_ONLY
LOW,LOOP_C,Chilled recovery loop,47,11.75,PSY_C,Cold-tolerant organism C,0.07091190832185108,-1.1492808270990504,5.0,7.2,0.997,0.5,2.262269681148097,2.224818577040466,2.224818577040466,1.5,False,False,25.0,False,DEMONSTRATION_ONLY
LOW,LOOP_C,Chilled recovery loop,48,12.0,IND_A,Indicator organism A,0.7591138013779751,-0.11969311263456883,5.0,7.2,0.997,0.5,2.224818577040466,2.224818577040466,2.224818577040466,1.5,False,False,250.0,False,DEMONSTRATION_ONLY
LOW,LOOP_C,Chilled recovery loop,48,12.0,MES_B,Mesophilic organism B,0.10895667544355948,-0.9627461567028053,5.0,7.2,0.997,0.5,2.224818577040466,2.224818577040466,2.224818577040466,1.5,False,False,50.0,False,DEMONSTRATION_ONLY
LOW,LOOP_C,Chilled recovery loop,48,12.0,PSY_C,Cold-tolerant organism C,0.07091190832185108,-1.1492808270990504,5.0,7.2,0.997,0.5,2.224818577040466,2.224818577040466,2.224818577040466,1.5,False,False,25.0,False,DEMONSTRATION_ONLY
TYPICAL,LOOP_A,Conditioning loop,0,0.0,IND_A,Indicator organism A,7.728274290818826,0.8880825275993468,14.0,7.1,0.997,0.7,2.8,2.718367753679331,2.718367753679331,1.5,False,False,250.0,False,DEMONSTRATION_ONLY
TYPICAL,LOOP_A,Conditioning loop,0,0.0,MES_B,Mesophilic organism B,0.9493680264110912,-0.022565398894315948,14.0,7.1,0.997,0.7,2.8,2.718367753679331,2.718367753679331,1.5,False,False,50.0,False,DEMONSTRATION_ONLY
TYPICAL,LOOP_A,Conditioning loop,0,0.0,PSY_C,Cold-tolerant organism C,0.47729851535385065,-0.3212099165129369,14.0,7.1,0.997,0.7,2.8,2.718367753679331,2.718367753679331,1.5,False,False,25.0,False,DEMONSTRATION_ONLY
TYPICAL,LOOP_A,Conditioning loop,1,0.25,IND_A,Indicator organism A,7.473059514978901,0.8734984409640514,14.0,7.1,0.997,0.7,2.718367753679331,2.6387510147016444,2.6387510147016444,1.5,False,False,250.0,False,DEMONSTRATION_ONLY
TYPICAL,LOOP_A,Conditioning loop,1,0.25,MES_B,Mesophilic organism B,0.9020497791876332,-0.04476949546251568,14.0,7.1,0.997,0.7,2.718367753679331,2.6387510147016444,2.6387510147016444,1.5,False,False,50.0,False,DEMONSTRATION_ONLY
TYPICAL,LOOP_A,Conditioning loop,1,0.25,PSY_C,Cold-tolerant organism C,0.4559320963031637,-0.3410998336442746,14.0,7.1,0.997,0.7,2.718367753679331,2.6387510147016444,2.6387510147016444,1.5,False,False,25.0,False,DEMONSTRATION_ONLY
TYPICAL,LOOP_A,Conditioning loop,2,0.5,IND_A,Indicator organism A,7.233149232320874,0.8593274254323703,14.0,7.1,0.997,0.7,2.6387510147016444,2.5611000200133343,2.5611000200133343,1.5,False,False,250.0,False,DEMONSTRATION_ONLY
TYPICAL,LOOP_A,Conditioning loop,2,0.5,MES_B,Mesophilic organism B,0.8634919385469045,-0.06374171259674025,14.0,7.1,0.997,0.7,2.6387510147016444,2.5611000200133343,2.5611000200133343,1.5,False,False,50.0,False,DEMONSTRATION_ONLY
TYPICAL,LOOP_A,Conditioning loop,2,0.5,PSY_C,Cold-tolerant organism C,0.4426363758800086,-0.35395289859942847,14.0,7.1,0.997,0.7,2.6387510147016444,2.5611000200133343,2.5611000200133343,1.5,False,False,25.0,False,DEMONSTRATION_ONLY
TYPICAL,LOOP_A,Conditioning loop,3,0.75,IND_A,Indicator organism A,7.007440660379628,0.8455594288042395,14.0,7.1,0.997,0.7,2.5611000200133343,2.4853662352149657,2.4853662352149657,1.5,False,False,250.0,False,DEMONSTRATION_ONLY
TYPICAL,LOOP_A,Conditioning loop,3,0.75,MES_B,Mesophilic organism B,0.8272358244872912,-0.08237066617438905,14.0,7.1,0.997,0.7,2.5611000200133343,2.4853662352149657,2.4853662352149657,1.5,False,False,50.0,False,DEMONSTRATION_ONLY
TYPICAL,LOOP_A,Conditioning loop,3,0.75,PSY_C,Cold-tolerant organism C,0.42999837053591844,-0.36653319016134356,14.0,7.1,0.997,0.7,2.5611000200133343,2.4853662352149657,2.4853662352149657,1.5,False,False,25.0,False,DEMONSTRATION_ONLY
TYPICAL,LOOP_A,Conditioning loop,4,1.0,IND_A,Indicator organism A,6.794924602266186,0.8321846420837575,14.0,7.1,0.997,0.7,2.4853662352149657,2.411502324225696,2.411502324225696,1.5,False,False,250.0,False,DEMONSTRATION_ONLY
TYPICAL,LOOP_A,Conditioning loop,4,1.0,MES_B,Mesophilic organism B,0.7931142453210253,-0.10066424958174099,14.0,7.1,0.997,0.7,2.4853662352149657,2.411502324225696,2.411502324225696,1.5,False,False,50.0,False,DEMONSTRATION_ONLY
TYPICAL,LOOP_A,Conditioning loop,4,1.0,PSY_C,Cold-tolerant organism C,0.41797739971219633,-0.3788472001523191,14.0,7.1,0.997,0.7,2.4853662352149657,2.411502324225696,2.411502324225696,1.5,False,False,25.0,False,DEMONSTRATION_ONLY
TYPICAL,LOOP_A,Conditioning loop,5,1.25,IND_A,Indicator organism A,6.594676457300833,0.8191934933993341,14.0,7.1,0.997,0.7,2.411502324225696,2.339462119696683,2.339462119696683,1.5,False,False,250.0,False,DEMONSTRATION_ONLY
TYPICAL,LOOP_A,Conditioning loop,5,1.25,MES_B,Mesophilic organism B,0.7609740458053359,-0.11863015526062709,14.0,7.1,0.997,0.7,2.411502324225696,2.339462119696683,2.339462119696683,1.5,False,False,50.0,False,DEMONSTRATION_ONLY
TYPICAL,LOOP_A,Conditioning loop,5,1.25,PSY_C,Cold-tolerant organism C,0.4065357451185191,-0.39090126255397406,14.0,7.1,0.997,0.7,2.411502324225696,2.339462119696683,2.339462119696683,1.5,False,False,25.0,False,DEMONSTRATION_ONLY
TYPICAL,LOOP_A,Conditioning loop,6,1.5,IND_A,Indicator organism A,6.4058481875674245,0.8065766420888083,14.0,7.1,0.997,0.7,2.339462119696683,2.2692005941549884,2.2692005941549884,1.5,False,False,250.0,False,DEMONSTRATION_ONLY
TYPICAL,LOOP_A,Conditioning loop,6,1.5,MES_B,Mesophilic organism B,0.7306747844197988,-0.1362758798948218,14.0,7.1,0.997,0.7,2.339462119696683,2.2692005941549884,2.2692005941549884,1.5,False,False,50.0,False,DEMONSTRATION_ONLY
TYPICAL,LOOP_A,Conditioning loop,6,1.5,PSY_C,Cold-tolerant organism C,0.3956384051665621,-0.4027015574632451,14.0,7.1,0.997,0.7,2.339462119696683,2.2692005941549884,2.2692005941549884,1.5,False,False,25.0,False,DEMONSTRATION_ONLY
TYPICAL,LOOP_A,Conditioning loop,7,1.75,IND_A,Indicator organism A,6.227661129565937,0.7943249729449675,14.0,7.1,0.997,0.7,2.2692005941549884,2.2006738318599415,2.2006738318599415,1.5,False,False,250.0,False,DEMONSTRATION_ONLY
TYPICAL,LOOP_A,Conditioning loop,7,1.75,MES_B,Mesophilic organism B,0.7020875479013647,-0.15360872946593992,14.0,7.1,0.997,0.7,2.2692005941549884,2.2006738318599415,2.2006738318599415,1.5,False,False,50.0,False,DEMONSTRATION_ONLY
TYPICAL,LOOP_A,Conditioning loop,7,1.75,PSY_C,Cold-tolerant organism C,0.38525287204970543,-0.4142541149438988,14.0,7.1,0.997,0.7,2.2692005941549884,2.2006738318599415,2.2006738318599415,1.5,False,False,25.0,False,DEMONSTRATION_ONLY
TYPICAL,LOOP_A,Conditioning loop,8,2.0,IND_A,Indicator organism A,6.059399553989617,0.7824295906169685,14.0,7.1,0.997,0.7,2.2006738318599415,2.133839001354373,2.133839001354373,1.5,False,False,250.0,False,DEMONSTRATION_ONLY
TYPICAL,LOOP_A,Conditioning loop,8,2.0,MES_B,Mesophilic organism B,0.6750938875660449,-0.17063582418175485,14.0,7.1,0.997,0.7,2.2006738318599415,2.133839001354373,2.133839001354373,1.5,False,False,50.0,False,DEMONSTRATION_ONLY
TYPICAL,LOOP_A,Conditioning loop,8,2.0,PSY_C,Cold-tolerant organism C,0.37534892918275164,-0.4255648187763766,14.0,7.1,0.997,0.7,2.2006738318599415,2.133839001354373,2.133839001354373,1.5,False,False,25.0,False,DEMONSTRATION_ONLY
TYPICAL,LOOP_A,Conditioning loop,9,2.25,IND_A,Indicator organism A,5.900404888652955,0.7708818141632428,14.0,7.1,0.997,0.7,2.133839001354373,2.0686543286935586,2.0686543286935586,1.5,False,False,250.0,False,DEMONSTRATION_ONLY
TYPICAL,LOOP_A,Conditioning loop,9,2.25,MES_B,Mesophilic organism B,0.6495848638210039,-0.18736410327981334,14.0,7.1,0.997,0.7,2.133839001354373,2.0686543286935586,2.0686543286935586,1.5,False,False,50.0,False,DEMONSTRATION_ONLY
TYPICAL,LOOP_A,Conditioning loop,9,2.25,PSY_C,Cold-tolerant organism C,0.3658984669652398,-0.43663941010872365,14.0,7.1,0.997,0.7,2.133839001354373,2.0686543286935586,2.0686543286935586,1.5,False,False,25.0,False,DEMONSTRATION_ONLY
TYPICAL,LOOP_A,Conditioning loop,10,2.5,IND_A,Indicator organism A,5.750070530009379,0.7596731717515476,14.0,7.1,0.997,0.7,2.0686543286935586,2.005079071335144,2.005079071335144,1.5,False,False,250.0,False,DEMONSTRATION_ONLY
TYPICAL,LOOP_A,Conditioning loop,10,2.5,MES_B,Mesophilic organism B,0.6254601869032917,-0.20380032970917855,14.0,7.1,0.997,0.7,2.0686543286935586,2.005079071335144,2.005079071335144,1.5,False,False,50.0,False,DEMONSTRATION_ONLY
TYPICAL,LOOP_A,Conditioning loop,10,2.5,PSY_C,Cold-tolerant organism C,0.35687531505235626,-0.44748349101129725,14.0,7.1,0.997,0.7,2.0686543286935586,2.005079071335144,2.005079071335144,1.5,False,False,25.0,False,DEMONSTRATION_ONLY
TYPICAL,LOOP_A,Conditioning loop,11,2.75,IND_A,Indicator organism A,5.6078371777457185,0.7487953955019118,14.0,7.1,0.997,0.7,2.005079071335144,1.94307349267373,1.94307349267373,1.5,False,False,250.0,False,DEMONSTRATION_ONLY
TYPICAL,LOOP_A,Conditioning loop,11,2.75,MES_B,Mesophilic organism B,0.6026274433048157,-0.21995109469309268,14.0,7.1,0.997,0.7,2.005079071335144,1.94307349267373,1.94307349267373,1.5,False,False,50.0,False,DEMONSTRATION_ONLY
TYPICAL,LOOP_A,Conditioning loop,11,2.75,PSY_C,Cold-tolerant organism C,0.34825508951228507,-0.458102527937884,14.0,7.1,0.997,0.7,2.005079071335144,1.94307349267373,1.94307349267373,1.5,False,False,25.0,False,DEMONSTRATION_ONLY
TYPICAL,LOOP_A,Conditioning loop,12,3.0,IND_A,Indicator organism A,5.473188634814171,0.7382404164683088,14.0,7.1,0.997,0.7,1.94307349267373,1.8825988372042006,1.8825988372042006,1.5,False,False,250.0,False,DEMONSTRATION_ONLY
TYPICAL,LOOP_A,Conditioning loop,12,3.0,MES_B,Mesophilic organism B,0.5810013985858014,-0.23582282217530623,14.0,7.1,0.997,0.7,1.94307349267373,1.8825988372042006,1.8825988372042006,1.5,False,False,50.0,False,DEMONSTRATION_ONLY
TYPICAL,LOOP_A,Conditioning loop,12,3.0,PSY_C,Cold-tolerant organism C,0.3400150534212547,-0.4685018550957943,14.0,7.1,0.997,0.7,1.94307349267373,1.8825988372042006,1.8825988372042006,1.5,False,False,25.0,False,DEMONSTRATION_ONLY
TYPICAL,LOOP_A,Conditioning loop,13,3.25,IND_A,Indicator organism A,5.3456480221234495,0.7280003597549857,14.0,7.1,0.997,0.7,1.8825988372042006,1.8236173062982701,1.8236173062982701,1.5,False,False,250.0,False,DEMONSTRATION_ONLY
TYPICAL,LOOP_A,Conditioning loop,13,3.25,MES_B,Mesophilic organism B,0.560503368365249,-0.25142177315278125,14.0,7.1,0.997,0.7,1.8825988372042006,1.8236173062982701,1.8236173062982701,1.5,False,False,50.0,False,DEMONSTRATION_ONLY
TYPICAL,LOOP_A,Conditioning loop,13,3.25,PSY_C,Cold-tolerant organism C,0.33213398960027707,-0.47868667772744145,14.0,7.1,0.997,0.7,1.8825988372042006,1.8236173062982701,1.8236173062982701,1.5,False,False,25.0,False,DEMONSTRATION_ONLY
TYPICAL,LOOP_A,Conditioning loop,14,3.5,IND_A,Indicator organism A,5.224774363097605,0.7180675397634646,14.0,7.1,0.997,0.7,1.8236173062982701,1.7660920345791107,1.7660920345791107,1.5,False,False,250.0,False,DEMONSTRATION_ONLY
TYPICAL,LOOP_A,Conditioning loop,14,3.5,MES_B,Mesophilic organism B,0.5410606502276302,-0.26675404989743146,14.0,7.1,0.997,0.7,1.8236173062982701,1.7660920345791107,1.7660920345791107,1.5,False,False,50.0,False,DEMONSTRATION_ONLY
TYPICAL,LOOP_A,Conditioning loop,14,3.5,PSY_C,Cold-tolerant organism C,0.3245920843330319,-0.4886620753058486,14.0,7.1,0.997,0.7,1.8236173062982701,1.7660920345791107,1.7660920345791107,1.5,False,False,25.0,False,DEMONSTRATION_ONLY
TYPICAL,LOOP_A,Conditioning loop,15,3.75,IND_A,Indicator organism A,5.1101594985418854,0.7084344555663336,14.0,7.1,0.997,0.7,1.7660920345791107,1.7099870668792914,1.7099870668792914,1.5,False,False,250.0,False,DEMONSTRATION_ONLY
TYPICAL,LOOP_A,Conditioning loop,15,3.75,MES_B,Mesophilic organism B,0.5226060101182252,-0.28182560006951995,14.0,7.1,0.997,0.7,1.7660920345791107,1.7099870668792914,1.7099870668792914,1.5,False,False,50.0,False,DEMONSTRATION_ONLY
TYPICAL,LOOP_A,Conditioning loop,15,3.75,PSY_C,Cold-tolerant organism C,0.3173708210246049,-0.49843300464647,14.0,7.1,0.997,0.7,1.7660920345791107,1.7099870668792914,1.7099870668792914,1.5,False,False,25.0,False,DEMONSTRATION_ONLY
TYPICAL,LOOP_A,Conditioning loop,16,4.0,IND_A,Indicator organism A,5.001425296831475,0.6990937864040347,14.0,7.1,0.997,0.7,1.7099870668792914,1.6552673357676282,1.6552673357676282,1.5,False,False,250.0,False,DEMONSTRATION_ONLY
TYPICAL,LOOP_A,Conditioning loop,16,4.0,MES_B,Mesophilic organism B,0.5050772175305042,-0.2966422207252934,14.0,7.1,0.997,0.7,1.7099870668792914,1.6552673357676282,1.6552673357676282,1.5,False,False,50.0,False,DEMONSTRATION_ONLY
TYPICAL,LOOP_A,Conditioning loop,16,4.0,PSY_C,Cold-tolerant organism C,0.3104528828676618,-0.5080043029376486,14.0,7.1,0.997,0.7,1.7099870668792914,1.6552673357676282,1.6552673357676282,1.5,False,False,25.0,False,DEMONSTRATION_ONLY
TYPICAL,LOOP_A,Conditioning loop,17,4.25,IND_A,Indicator organism A,4.898221128448183,0.6900383873009606,14.0,7.1,0.997,0.7,1.6552673357676282,1.601898639630898,1.601898639630898,1.5,False,False,250.0,False,DEMONSTRATION_ONLY
TYPICAL,LOOP_A,Conditioning loop,17,4.25,MES_B,Mesophilic organism B,0.48841662443109873,-0.3112095622213888,14.0,7.1,0.997,0.7,1.6552673357676282,1.601898639630898,1.601898639630898,1.5,False,False,50.0,False,DEMONSTRATION_ONLY
TYPICAL,LOOP_A,Conditioning loop,17,4.25,PSY_C,Cold-tolerant organism C,0.3038220636777202,-0.5173806906919725,14.0,7.1,0.997,0.7,1.6552673357676282,1.601898639630898,1.601898639630898,1.5,False,False,25.0,False,DEMONSTRATION_ONLY
TYPICAL,LOOP_A,Conditioning loop,18,4.5,IND_A,Indicator organism A,4.800221577406736,0.6812612847972641,14.0,7.1,0.997,0.7,1.601898639630898,1.549847621296717,2.8,1.5,False,True,250.0,False,DEMONSTRATION_ONLY
TYPICAL,LOOP_A,Conditioning loop,18,4.5,MES_B,Mesophilic organism B,0.4725707834326676,-0.3255331320185018,14.0,7.1,0.997,0.7,1.601898639630898,1.549847621296717,2.8,1.5,False,True,50.0,False,DEMONSTRATION_ONLY
TYPICAL,LOOP_A,Conditioning loop,18,4.5,PSY_C,Cold-tolerant organism C,0.2974631861438505,-0.5265667746207368,14.0,7.1,0.997,0.7,1.601898639630898,1.549847621296717,2.8,1.5,False,True,25.0,False,DEMONSTRATION_ONLY
TYPICAL,LOOP_A,Conditioning loop,19,4.75,IND_A,Indicator organism A,4.638263719927025,0.6663554378882148,14.0,7.1,0.997,0.7,2.8,2.718367753679331,2.718367753679331,1.5,False,False,250.0,False,DEMONSTRATION_ONLY
TYPICAL,LOOP_A,Conditioning loop,19,4.75,MES_B,Mesophilic organism B,0.4519093706073352,-0.3449486532232026,14.0,7.1,0.997,0.7,2.8,2.718367753679331,2.718367753679331,1.5,False,False,50.0,False,DEMONSTRATION_ONLY
TYPICAL,LOOP_A,Conditioning loop,19,4.75,PSY_C,Cold-tolerant organism C,0.28851441895198054,-0.5398324774309567,14.0,7.1,0.997,0.7,2.8,2.718367753679331,2.718367753679331,1.5,False,False,25.0,False,DEMONSTRATION_ONLY
TYPICAL,LOOP_A,Conditioning loop,20,5.0,IND_A,Indicator organism A,4.48617666295204,0.6518763718404711,14.0,7.1,0.997,0.7,2.718367753679331,2.6387510147016444,2.6387510147016444,1.5,False,False,250.0,False,DEMONSTRATION_ONLY
TYPICAL,LOOP_A,Conditioning loop,20,5.0,MES_B,Mesophilic organism B,0.43252114773161376,-0.36399265324284125,14.0,7.1,0.997,0.7,2.718367753679331,2.6387510147016444,2.6387510147016444,1.5,False,False,50.0,False,DEMONSTRATION_ONLY
TYPICAL,LOOP_A,Conditioning loop,20,5.0,PSY_C,Cold-tolerant organism C,0.28002230114644877,-0.5528073798036294,14.0,7.1,0.997,0.7,2.718367753679331,2.6387510147016444,2.6387510147016444,1.5,False,False,25.0,False,DEMONSTRATION_ONLY
TYPICAL,LOOP_A,Conditioning loop,21,5.25,IND_A,Indicator organism A,4.343239655910953,0.637813793987621,14.0,7.1,0.997,0.7,2.6387510147016444,2.5611000200133343,2.5611000200133343,1.5,False,False,250.0,False,DEMONSTRATION_ONLY
TYPICAL,LOOP_A,Conditioning loop,21,5.25,MES_B,Mesophilic organism B,0.4143113482585247,-0.3826731709291775,14.0,7.1,0.997,0.7,2.6387510147016444,2.5611000200133343,2.5611000200133343,1.5,False,False,50.0,False,DEMONSTRATION_ONLY
TYPICAL,LOOP_A,Conditioning loop,21,5.25,PSY_C,Cold-tolerant organism C,0.27195792886284886,-0.5654982749213016,14.0,7.1,0.997,0.7,2.6387510147016444,2.5611000200133343,2.5611000200133343,1.5,False,False,25.0,False,DEMONSTRATION_ONLY
TYPICAL,LOOP_A,Conditioning loop,22,5.5,IND_A,Indicator organism A,4.208793879674879,0.6241576572491483,14.0,7.1,0.997,0.7,2.5611000200133343,2.4853662352149657,2.4853662352149657,1.5,False,False,250.0,False,DEMONSTRATION_ONLY
TYPICAL,LOOP_A,Conditioning loop,22,5.5,MES_B,Mesophilic organism B,0.3971933441551293,-0.4009980376714166,14.0,7.1,0.997,0.7,2.5611000200133343,2.4853662352149657,2.4853662352149657,1.5,False,False,50.0,False,DEMONSTRATION_ONLY
TYPICAL,LOOP_A,Conditioning loop,22,5.5,PSY_C,Cold-tolerant organism C,0.26429454969811883,-0.5779117928290847,14.0,7.1,0.997,0.7,2.5611000200133343,2.4853662352149657,2.4853662352149657,1.5,False,False,25.0,False,DEMONSTRATION_ONLY
TYPICAL,LOOP_A,Conditioning loop,23,5.75,IND_A,Indicator organism A,4.082236428805995,0.6108981539205526,14.0,7.1,0.997,0.7,2.4853662352149657,2.411502324225696,2.411502324225696,1.5,False,False,250.0,False,DEMONSTRATION_ONLY
TYPICAL,LOOP_A,Conditioning loop,23,5.75,MES_B,Mesophilic organism B,0.38108786240580583,-0.418974883225015,14.0,7.1,0.997,0.7,2.4853662352149657,2.411502324225696,2.411502324225696,1.5,False,False,50.0,False,DEMONSTRATION_ONLY
TYPICAL,LOOP_A,Conditioning loop,23,5.75,PSY_C,Cold-tolerant organism C,0.2570073806376909,-0.5900544045901204,14.0,7.1,0.997,0.7,2.4853662352149657,2.411502324225696,2.411502324225696,1.5,False,False,25.0,False,DEMONSTRATION_ONLY
TYPICAL,LOOP_A,Conditioning loop,24,6.0,IND_A,Indicator organism A,3.9630149407124016,0.5980257096434807,14.0,7.1,0.997,0.7,2.411502324225696,2.339462119696683,2.339462119696683,1.5,False,False,250.0,False,DEMONSTRATION_ONLY
TYPICAL,LOOP_A,Conditioning loop,24,6.0,MES_B,Mesophilic organism B,0.36592228448058095,-0.436611141395467,14.0,7.1,0.997,0.7,2.411502324225696,2.339462119696683,2.339462119696683,1.5,False,False,50.0,False,DEMONSTRATION_ONLY
TYPICAL,LOOP_A,Conditioning loop,24,6.0,PSY_C,Cold-tolerant organism C,0.2500734431038851,-0.60193242632558,14.0,7.1,0.997,0.7,2.411502324225696,2.339462119696683,2.339462119696683,1.5,False,False,25.0,False,DEMONSTRATION_ONLY
TYPICAL,LOOP_A,Conditioning loop,25,6.25,IND_A,Indicator organism A,3.8506227959322907,0.5855309775506404,14.0,7.1,0.997,0.7,2.339462119696683,2.2692005941549884,2.2692005941549884,1.5,False,False,250.0,False,DEMONSTRATION_ONLY
TYPICAL,LOOP_A,Conditioning loop,25,6.25,MES_B,Mesophilic organism B,0.35163001923458886,-0.45391405557945474,14.0,7.1,0.997,0.7,2.339462119696683,2.2692005941549884,2.2692005941549884,1.5,False,False,50.0,False,DEMONSTRATION_ONLY
TYPICAL,LOOP_A,Conditioning loop,25,6.25,PSY_C,Cold-tolerant organism C,0.24347141336474512,-0.6135520231424032,14.0,7.1,0.997,0.7,2.339462119696683,2.2692005941549884,2.2692005941549884,1.5,False,False,25.0,False,DEMONSTRATION_ONLY
TYPICAL,LOOP_A,Conditioning loop,26,6.5,IND_A,Indicator organism A,3.7445948233347144,0.573404832580314,14.0,7.1,0.997,0.7,2.2692005941549884,2.2006738318599415,2.2006738318599415,1.5,False,False,250.0,False,DEMONSTRATION_ONLY
TYPICAL,LOOP_A,Conditioning loop,26,6.5,MES_B,Mesophilic organism B,0.3381499408817155,-0.4708906841657329,14.0,7.1,0.997,0.7,2.2692005941549884,2.2006738318599415,2.2006738318599415,1.5,False,False,50.0,False,DEMONSTRATION_ONLY
TYPICAL,LOOP_A,Conditioning loop,26,6.5,PSY_C,Cold-tolerant organism C,0.2371814867382706,-0.6249192129519283,14.0,7.1,0.997,0.7,2.2692005941549884,2.2006738318599415,2.2006738318599415,1.5,False,False,25.0,False,DEMONSTRATION_ONLY
TYPICAL,LOOP_A,Conditioning loop,27,6.75,IND_A,Indicator organism A,3.644503452298641,0.5616383659553433,14.0,7.1,0.997,0.7,2.2006738318599415,2.133839001354373,2.133839001354373,1.5,False,False,250.0,False,DEMONSTRATION_ONLY
TYPICAL,LOOP_A,Conditioning loop,27,6.75,MES_B,Mesophilic organism B,0.3254258847075931,-0.48754790579812163,14.0,7.1,0.997,0.7,2.2006738318599415,2.133839001354373,2.133839001354373,1.5,False,False,50.0,False,DEMONSTRATION_ONLY
TYPICAL,LOOP_A,Conditioning loop,27,6.75,PSY_C,Cold-tolerant organism C,0.231185254199438,-0.6360398701825047,14.0,7.1,0.997,0.7,2.2006738318599415,2.133839001354373,2.133839001354373,1.5,False,False,25.0,False,DEMONSTRATION_ONLY
TYPICAL,LOOP_A,Conditioning loop,28,7.0,IND_A,Indicator organism A,3.549955261101536,0.5502228798215272,14.0,7.1,0.997,0.7,2.133839001354373,2.0686543286935586,2.0686543286935586,1.5,False,False,250.0,False,DEMONSTRATION_ONLY
TYPICAL,LOOP_A,Conditioning loop,28,7.0,MES_B,Mesophilic organism B,0.3134061940759466,-0.5038924245029706,14.0,7.1,0.997,0.7,2.133839001354373,2.0686543286935586,2.0686543286935586,1.5,False,False,50.0,False,DEMONSTRATION_ONLY
TYPICAL,LOOP_A,Conditioning loop,28,7.0,PSY_C,Cold-tolerant organism C,0.22546559014948345,-0.6469197293891171,14.0,7.1,0.997,0.7,2.133839001354373,2.0686543286935586,2.0686543286935586,1.5,False,False,25.0,False,DEMONSTRATION_ONLY
TYPICAL,LOOP_A,Conditioning loop,29,7.25,IND_A,Indicator organism A,3.460587876969847,0.5391498820404416,14.0,7.1,0.997,0.7,2.0686543286935586,2.005079071335144,2.005079071335144,1.5,False,False,250.0,False,DEMONSTRATION_ONLY
TYPICAL,LOOP_A,Conditioning loop,29,7.25,MES_B,Mesophilic organism B,0.3020433130562513,-0.5199307746834557,14.0,7.1,0.997,0.7,2.0686543286935586,2.005079071335144,2.005079071335144,1.5,False,False,50.0,False,DEMONSTRATION_ONLY
TYPICAL,LOOP_A,Conditioning loop,29,7.25,PSY_C,Cold-tolerant organism C,0.220006550241193,-0.6575643887629902,14.0,7.1,0.997,0.7,2.0686543286935586,2.005079071335144,2.005079071335144,1.5,False,False,25.0,False,DEMONSTRATION_ONLY
TYPICAL,LOOP_A,Conditioning loop,30,7.5,IND_A,Indicator organism A,3.3760671886497633,0.5284110811317804,14.0,7.1,0.997,0.7,2.005079071335144,1.94307349267373,1.94307349267373,1.5,False,False,250.0,False,DEMONSTRATION_ONLY
TYPICAL,LOOP_A,Conditioning loop,30,7.5,MES_B,Mesophilic organism B,0.29129341967548095,-0.5356693259830652,14.0,7.1,0.997,0.7,2.005079071335144,1.94307349267373,1.94307349267373,1.5,False,False,50.0,False,DEMONSTRATION_ONLY
TYPICAL,LOOP_A,Conditioning loop,30,7.5,PSY_C,Cold-tolerant organism C,0.21479327827263686,-0.6679793135440787,14.0,7.1,0.997,0.7,2.005079071335144,1.94307349267373,1.94307349267373,1.5,False,False,25.0,False,DEMONSTRATION_ONLY
TYPICAL,LOOP_A,Conditioning loop,31,7.75,IND_A,Indicator organism A,3.296084837060835,0.5179983813603982,14.0,7.1,0.997,0.7,1.94307349267373,1.8825988372042006,1.8825988372042006,1.5,False,False,250.0,False,DEMONSTRATION_ONLY
TYPICAL,LOOP_A,Conditioning loop,31,7.75,MES_B,Mesophilic organism B,0.28111609538586946,-0.5511142880206198,14.0,7.1,0.997,0.7,1.94307349267373,1.8825988372042006,1.8825988372042006,1.5,False,False,50.0,False,DEMONSTRATION_ONLY
TYPICAL,LOOP_A,Conditioning loop,31,7.75,PSY_C,Cold-tolerant organism C,0.20981192126681383,-0.6781698393392839,14.0,7.1,0.997,0.7,1.94307349267373,1.8825988372042006,1.8825988372042006,1.5,False,False,25.0,False,DEMONSTRATION_ONLY
TYPICAL,LOOP_A,Conditioning loop,32,8.0,IND_A,Indicator organism A,3.220355953694226,0.5079038779633367,14.0,7.1,0.997,0.7,1.8825988372042006,1.8236173062982701,1.8236173062982701,1.5,False,False,250.0,False,DEMONSTRATION_ONLY
TYPICAL,LOOP_A,Conditioning loop,32,8.0,MES_B,Mesophilic organism B,0.2714740268556002,-0.5662717149991756,14.0,7.1,0.997,0.7,1.8825988372042006,1.8236173062982701,1.8236173062982701,1.5,False,False,50.0,False,DEMONSTRATION_ONLY
TYPICAL,LOOP_A,Conditioning loop,32,8.0,PSY_C,Cold-tolerant organism C,0.20504955194771707,-0.6881411753491699,14.0,7.1,0.997,0.7,1.8825988372042006,1.8236173062982701,1.8236173062982701,1.5,False,False,25.0,False,DEMONSTRATION_ONLY
TYPICAL,LOOP_A,Conditioning loop,33,8.25,IND_A,Indicator organism A,3.1486171199942667,0.49811985251221447,14.0,7.1,0.997,0.7,1.8236173062982701,1.7660920345791107,1.7660920345791107,1.5,False,False,250.0,False,DEMONSTRATION_ONLY
TYPICAL,LOOP_A,Conditioning loop,33,8.25,MES_B,Mesophilic organism B,0.2623327366400859,-0.5811475101911423,14.0,7.1,0.997,0.7,1.8236173062982701,1.7660920345791107,1.7660920345791107,1.5,False,False,50.0,False,DEMONSTRATION_ONLY
TYPICAL,LOOP_A,Conditioning loop,33,8.25,PSY_C,Cold-tolerant organism C,0.20049409790584796,-0.6978984075058918,14.0,7.1,0.997,0.7,1.8236173062982701,1.7660920345791107,1.7660920345791107,1.5,False,False,25.0,False,DEMONSTRATION_ONLY
TYPICAL,LOOP_A,Conditioning loop,34,8.5,IND_A,Indicator organism A,3.0806245240872405,0.4886387684064719,14.0,7.1,0.997,0.7,1.7660920345791107,1.7099870668792914,1.7099870668792914,1.5,False,False,250.0,False,DEMONSTRATION_ONLY
TYPICAL,LOOP_A,Conditioning loop,34,8.5,MES_B,Mesophilic organism B,0.25366033968650087,-0.5957474303019463,14.0,7.1,0.997,0.7,1.7660920345791107,1.7099870668792914,1.7099870668792914,1.5,False,False,50.0,False,DEMONSTRATION_ONLY
TYPICAL,LOOP_A,Conditioning loop,34,8.5,PSY_C,Cold-tolerant organism C,0.19613427681946086,-0.7074465015249786,14.0,7.1,0.997,0.7,1.7660920345791107,1.7099870668792914,1.7099870668792914,1.5,False,False,25.0,False,DEMONSTRATION_ONLY
TYPICAL,LOOP_A,Conditioning loop,35,8.75,IND_A,Indicator organism A,3.016152293955621,0.4794532664930673,14.0,7.1,0.997,0.7,1.7099870668792914,1.6552673357676282,1.6552673357676282,1.5,False,False,250.0,False,DEMONSTRATION_ONLY
TYPICAL,LOOP_A,Conditioning loop,35,8.75,MES_B,Mesophilic organism B,0.24542732297079656,-0.6100770897145578,14.0,7.1,0.997,0.7,1.7099870668792914,1.6552673357676282,1.6552673357676282,1.5,False,False,50.0,False,DEMONSTRATION_ONLY
TYPICAL,LOOP_A,Conditioning loop,35,8.75,PSY_C,Cold-tolerant organism C,0.19195953716292657,-0.7167903058735469,14.0,7.1,0.997,0.7,1.7099870668792914,1.6552673357676282,1.6552673357676282,1.5,False,False,25.0,False,DEMONSTRATION_ONLY
TYPICAL,LOOP_A,Conditioning loop,36,9.0,IND_A,Indicator organism A,2.9549909885513377,0.47055616080834173,14.0,7.1,0.997,0.7,1.6552673357676282,1.601898639630898,1.601898639630898,1.5,False,False,250.0,False,DEMONSTRATION_ONLY
TYPICAL,LOOP_A,Conditioning loop,36,9.0,MES_B,Mesophilic organism B,0.2376063458708714,-0.6241419646171935,14.0,7.1,0.997,0.7,1.6552673357676282,1.601898639630898,1.601898639630898,1.5,False,False,50.0,False,DEMONSTRATION_ONLY
TYPICAL,LOOP_A,Conditioning loop,36,9.0,PSY_C,Cold-tolerant organism C,0.18796000389152123,-0.7259345546574589,14.0,7.1,0.997,0.7,1.6552673357676282,1.601898639630898,1.601898639630898,1.5,False,False,25.0,False,DEMONSTRATION_ONLY
TYPICAL,LOOP_A,Conditioning loop,37,9.25,IND_A,Indicator organism A,2.896946230442692,0.46194043443788474,14.0,7.1,0.997,0.7,1.601898639630898,1.549847621296717,2.8,1.5,False,True,250.0,False,DEMONSTRATION_ONLY
TYPICAL,LOOP_A,Conditioning loop,37,9.25,MES_B,Mesophilic organism B,0.2301720591473179,-0.6379473970164952,14.0,7.1,0.997,0.7,1.601898639630898,1.549847621296717,2.8,1.5,False,True,50.0,False,DEMONSTRATION_ONLY
TYPICAL,LOOP_A,Conditioning loop,37,9.25,PSY_C,Cold-tolerant organism C,0.1841264286435263,-0.7348838704298666,14.0,7.1,0.997,0.7,1.601898639630898,1.549847621296717,2.8,1.5,False,True,25.0,False,DEMONSTRATION_ONLY
TYPICAL,LOOP_A,Conditioning loop,38,9.5,IND_A,Indicator organism A,2.800279886389139,0.44720144099921144,14.0,7.1,0.997,0.7,2.8,2.718367753679331,2.718367753679331,1.5,False,False,250.0,False,DEMONSTRATION_ONLY
TYPICAL,LOOP_A,Conditioning loop,38,9.5,MES_B,Mesophilic organism B,0.2203827695113809,-0.6568223635346406,14.0,7.1,0.997,0.7,2.8,2.718367753679331,2.718367753679331,1.5,False,False,50.0,False,DEMONSTRATION_ONLY
TYPICAL,LOOP_A,Conditioning loop,38,9.5,PSY_C,Cold-tolerant organism C,0.17868750620878857,-0.7479058122076663,14.0,7.1,0.997,0.7,2.8,2.718367753679331,2.718367753679331,1.5,False,False,25.0,False,DEMONSTRATION_ONLY
TYPICAL,LOOP_A,Conditioning loop,39,9.75,IND_A,Indicator organism A,2.70953469619411,0.4328947166214002,14.0,7.1,0.997,0.7,2.718367753679331,2.6387510147016444,2.6387510147016444,1.5,False,False,250.0,False,DEMONSTRATION_ONLY
TYPICAL,LOOP_A,Conditioning loop,39,9.75,MES_B,Mesophilic organism B,0.21120151907581708,-0.6753029624456477,14.0,7.1,0.997,0.7,2.718367753679331,2.6387510147016444,2.6387510147016444,1.5,False,False,50.0,False,DEMONSTRATION_ONLY
TYPICAL,LOOP_A,Conditioning loop,39,9.75,PSY_C,Cold-tolerant organism C,0.17352820201722377,-0.7606299330625803,14.0,7.1,0.997,0.7,2.718367753679331,2.6387510147016444,2.6387510147016444,1.5,False,False,25.0,False,DEMONSTRATION_ONLY
TYPICAL,LOOP_A,Conditioning loop,40,10.0,IND_A,Indicator organism A,2.6242788043650176,0.4190099727634808,14.0,7.1,0.997,0.7,2.6387510147016444,2.5611000200133343,2.5611000200133343,1.5,False,False,250.0,False,DEMONSTRATION_ONLY
TYPICAL,LOOP_A,Conditioning loop,40,10.0,MES_B,Mesophilic organism B,0.20258308455121476,-0.6933968205392178,14.0,7.1,0.997,0.7,2.6387510147016444,2.5611000200133343,2.5611000200133343,1.5,False,False,50.0,False,DEMONSTRATION_ONLY
TYPICAL,LOOP_A,Conditioning loop,40,10.0,PSY_C,Cold-tolerant organism C,0.16863083715560695,-0.7730630039584718,14.0,7.1,0.997,0.7,2.6387510147016444,2.5611000200133343,2.5611000200133343,1.5,False,False,25.0,False,DEMONSTRATION_ONLY
TYPICAL,LOOP_A,Conditioning loop,41,10.25,IND_A,Indicator organism A,2.5441174674909655,0.4055371597693648,14.0,7.1,0.997,0.7,2.5611000200133343,2.4853662352149657,2.4853662352149657,1.5,False,False,250.0,False,DEMONSTRATION_ONLY
TYPICAL,LOOP_A,Conditioning loop,41,10.25,MES_B,Mesophilic organism B,0.19448612561054113,-0.7111113752416405,14.0,7.1,0.997,0.7,2.5611000200133343,2.4853662352149657,2.4853662352149657,1.5,False,False,50.0,False,DEMONSTRATION_ONLY
TYPICAL,LOOP_A,Conditioning loop,41,10.25,PSY_C,Cold-tolerant organism C,0.16397904844567388,-0.7852116380846428,14.0,7.1,0.997,0.7,2.5611000200133343,2.4853662352149657,2.4853662352149657,1.5,False,False,25.0,False,DEMONSTRATION_ONLY
TYPICAL,LOOP_A,Conditioning loop,42,10.5,IND_A,Indicator organism A,2.4686894480853954,0.3924664607437449,14.0,7.1,0.997,0.7,2.4853662352149657,2.411502324225696,2.411502324225696,1.5,False,False,250.0,False,DEMONSTRATION_ONLY
TYPICAL,LOOP_A,Conditioning loop,42,10.5,MES_B,Mesophilic organism B,0.18687281105807496,-0.7284538814269704,14.0,7.1,0.997,0.7,2.4853662352149657,2.411502324225696,2.411502324225696,1.5,False,False,50.0,False,DEMONSTRATION_ONLY
TYPICAL,LOOP_A,Conditioning loop,42,10.5,PSY_C,Cold-tolerant organism C,0.15955767708956514,-0.7970822949651515,14.0,7.1,0.997,0.7,2.4853662352149657,2.411502324225696,2.411502324225696,1.5,False,False,25.0,False,DEMONSTRATION_ONLY
TYPICAL,LOOP_A,Conditioning loop,43,10.75,IND_A,Indicator organism A,2.3976637960876945,0.3797882856267152,14.0,7.1,0.997,0.7,2.411502324225696,2.339462119696683,2.339462119696683,1.5,False,False,250.0,False,DEMONSTRATION_ONLY
TYPICAL,LOOP_A,Conditioning loop,43,10.75,MES_B,Mesophilic organism B,0.17970848458412797,-0.7454314180436075,14.0,7.1,0.997,0.7,2.411502324225696,2.339462119696683,2.339462119696683,1.5,False,False,50.0,False,DEMONSTRATION_ONLY
TYPICAL,LOOP_A,Conditioning loop,43,10.75,PSY_C,Cold-tolerant organism C,0.15535266778663148,-0.8086812844427058,14.0,7.1,0.997,0.7,2.411502324225696,2.339462119696683,2.339462119696683,1.5,False,False,25.0,False,DEMONSTRATION_ONLY
TYPICAL,LOOP_A,Conditioning loop,44,11.0,IND_A,Indicator organism A,2.330736972614705,0.3674932654607847,14.0,7.1,0.997,0.7,2.339462119696683,2.2692005941549884,2.2692005941549884,1.5,False,False,250.0,False,DEMONSTRATION_ONLY
TYPICAL,LOOP_A,Conditioning loop,44,11.0,MES_B,Mesophilic organism B,0.1729613655565727,-0.7620508945555248,14.0,7.1,0.997,0.7,2.339462119696683,2.2692005941549884,2.2692005941549884,1.5,False,False,50.0,False,DEMONSTRATION_ONLY
TYPICAL,LOOP_A,Conditioning loop,44,11.0,PSY_C,Cold-tolerant organism C,0.15135097724469837,-0.820014770540842,14.0,7.1,0.997,0.7,2.339462119696683,2.2692005941549884,2.2692005941549884,1.5,False,False,25.0,False,DEMONSTRATION_ONLY
TYPICAL,LOOP_A,Conditioning loop,45,11.25,IND_A,Indicator organism A,2.267630276284151,0.3555722468439636,14.0,7.1,0.997,0.7,2.2692005941549884,2.2006738318599415,2.2006738318599415,1.5,False,False,250.0,False,DEMONSTRATION_ONLY
TYPICAL,LOOP_A,Conditioning loop,45,11.25,MES_B,Mesophilic organism B,0.16660228086177367,-0.7783190571975289,14.0,7.1,0.997,0.7,2.2692005941549884,2.2006738318599415,2.2006738318599415,1.5,False,False,50.0,False,DEMONSTRATION_ONLY
TYPICAL,LOOP_A,Conditioning loop,45,11.25,PSY_C,Cold-tolerant organism C,0.14754049112861267,-0.8310887752080487,14.0,7.1,0.997,0.7,2.2692005941549884,2.2006738318599415,2.2006738318599415,1.5,False,False,25.0,False,DEMONSTRATION_ONLY
TYPICAL,LOOP_A,Conditioning loop,46,11.5,IND_A,Indicator organism A,2.2080875373904436,0.3440162865626174,14.0,7.1,0.997,0.7,2.2006738318599415,2.133839001354373,2.133839001354373,1.5,False,False,250.0,False,DEMONSTRATION_ONLY
TYPICAL,LOOP_A,Conditioning loop,46,11.5,MES_B,Mesophilic organism B,0.16060442429520483,-0.7942424950440893,14.0,7.1,0.997,0.7,2.2006738318599415,2.133839001354373,2.133839001354373,1.5,False,False,50.0,False,DEMONSTRATION_ONLY
TYPICAL,LOOP_A,Conditioning loop,46,11.5,PSY_C,Cold-tolerant organism C,0.1439099485943557,-0.8419091819474516,14.0,7.1,0.997,0.7,2.2006738318599415,2.133839001354373,2.133839001354373,1.5,False,False,25.0,False,DEMONSTRATION_ONLY
TYPICAL,LOOP_A,Conditioning loop,47,11.75,IND_A,Indicator organism A,2.1518730495096534,0.33281664639782643,14.0,7.1,0.997,0.7,2.133839001354373,2.0686543286935586,2.0686543286935586,1.5,False,False,250.0,False,DEMONSTRATION_ONLY
TYPICAL,LOOP_A,Conditioning loop,47,11.75,MES_B,Mesophilic organism B,0.1549431404261295,-0.809827645891451,14.0,7.1,0.997,0.7,2.133839001354373,2.0686543286935586,2.0686543286935586,1.5,False,False,50.0,False,DEMONSTRATION_ONLY
TYPICAL,LOOP_A,Conditioning loop,47,11.75,PSY_C,Cold-tolerant organism C,0.1404488736500194,-0.8524817393356159,14.0,7.1,0.997,0.7,2.133839001354373,2.0686543286935586,2.0686543286935586,1.5,False,False,25.0,False,DEMONSTRATION_ONLY
TYPICAL,LOOP_A,Conditioning loop,48,12.0,IND_A,Indicator organism A,2.1518730495096534,0.33281664639782643,14.0,7.1,0.997,0.7,2.0686543286935586,2.0686543286935586,2.0686543286935586,1.5,False,False,250.0,False,DEMONSTRATION_ONLY
TYPICAL,LOOP_A,Conditioning loop,48,12.0,MES_B,Mesophilic organism B,0.1549431404261295,-0.809827645891451,14.0,7.1,0.997,0.7,2.0686543286935586,2.0686543286935586,2.0686543286935586,1.5,False,False,50.0,False,DEMONSTRATION_ONLY
TYPICAL,LOOP_A,Conditioning loop,48,12.0,PSY_C,Cold-tolerant organism C,0.1404488736500194,-0.8524817393356159,14.0,7.1,0.997,0.7,2.0686543286935586,2.0686543286935586,2.0686543286935586,1.5,False,False,25.0,False,DEMONSTRATION_ONLY
TYPICAL,LOOP_B,Open-product wash loop,0,0.0,IND_A,Indicator organism A,7.851713100448858,0.894964422210661,16.0,7.0,0.997,1.2,2.8,2.6702104296265046,2.6702104296265046,1.5,False,False,250.0,False,DEMONSTRATION_ONLY
TYPICAL,LOOP_B,Open-product wash loop,0,0.0,MES_B,Mesophilic organism B,0.9567466335626532,-0.01920305722234005,16.0,7.0,0.997,1.2,2.8,2.6702104296265046,2.6702104296265046,1.5,False,False,50.0,False,DEMONSTRATION_ONLY
TYPICAL,LOOP_B,Open-product wash loop,0,0.0,PSY_C,Cold-tolerant organism C,0.4807889289021996,-0.3180455413631393,16.0,7.0,0.997,1.2,2.8,2.6702104296265046,2.6702104296265046,1.5,False,False,25.0,False,DEMONSTRATION_ONLY
TYPICAL,LOOP_B,Open-product wash loop,1,0.25,IND_A,Indicator organism A,7.7170765091258335,0.8874528059809956,16.0,7.0,0.997,1.2,2.6702104296265046,2.545509981099533,2.545509981099533,1.5,False,False,250.0,False,DEMONSTRATION_ONLY
TYPICAL,LOOP_B,Open-product wash loop,1,0.25,MES_B,Mesophilic organism B,0.9164604634743554,-0.037886265961216,16.0,7.0,0.997,1.2,2.6702104296265046,2.545509981099533,2.545509981099533,1.5,False,False,50.0,False,DEMONSTRATION_ONLY
TYPICAL,LOOP_B,Open-product wash loop,1,0.25,PSY_C,Cold-tolerant organism C,0.4627594017102443,-0.33464474908634567,16.0,7.0,0.997,1.2,2.6702104296265046,2.545509981099533,2.545509981099533,1.5,False,False,25.0,False,DEMONSTRATION_ONLY
TYPICAL,LOOP_B,Open-product wash loop,2,0.5,IND_A,Indicator organism A,7.595056441382354,0.8805310055970709,16.0,7.0,0.997,1.2,2.545509981099533,2.425699107097261,2.425699107097261,1.5,False,False,250.0,False,DEMONSTRATION_ONLY
TYPICAL,LOOP_B,Open-product wash loop,2,0.5,MES_B,Mesophilic organism B,0.8880322370482774,-0.05157126832268475,16.0,7.0,0.997,1.2,2.545509981099533,2.425699107097261,2.425699107097261,1.5,False,False,50.0,False,DEMONSTRATION_ONLY
TYPICAL,LOOP_B,Open-product wash loop,2,0.5,PSY_C,Cold-tolerant organism C,0.45481134504086135,-0.34216871059118353,16.0,7.0,0.997,1.2,2.545509981099533,2.425699107097261,2.425699107097261,1.5,False,False,25.0,False,DEMONSTRATION_ONLY
TYPICAL,LOOP_B,Open-product wash loop,3,0.75,IND_A,Indicator organism A,7.484724641448774,0.8741758275382459,16.0,7.0,0.997,1.2,2.425699107097261,2.3105860846602684,2.3105860846602684,1.5,False,False,250.0,False,DEMONSTRATION_ONLY
TYPICAL,LOOP_B,Open-product wash loop,3,0.75,MES_B,Mesophilic organism B,0.8614337778536618,-0.06477810303099121,16.0,7.0,0.997,1.2,2.425699107097261,2.3105860846602684,2.3105860846602684,1.5,False,False,50.0,False,DEMONSTRATION_ONLY
TYPICAL,LOOP_B,Open-product wash loop,3,0.75,PSY_C,Cold-tolerant organism C,0.44739130643318964,-0.3493124592308428,16.0,7.0,0.997,1.2,2.425699107097261,2.3105860846602684,2.3105860846602684,1.5,False,False,25.0,False,DEMONSTRATION_ONLY
TYPICAL,LOOP_B,Open-product wash loop,4,1.0,IND_A,Indicator organism A,7.385246258065057,0.8683649812641743,16.0,7.0,0.997,1.2,2.3105860846602684,2.1999867083939018,2.1999867083939018,1.5,False,False,250.0,False,DEMONSTRATION_ONLY
TYPICAL,LOOP_B,Open-product wash loop,4,1.0,MES_B,Mesophilic organism B,0.8365169461885228,-0.07752525666020192,16.0,7.0,0.997,1.2,2.3105860846602684,2.1999867083939018,2.1999867083939018,1.5,False,False,50.0,False,DEMONSTRATION_ONLY
TYPICAL,LOOP_B,Open-product wash loop,4,1.0,PSY_C,Cold-tolerant organism C,0.4404626729558662,-0.35609089001282296,16.0,7.0,0.997,1.2,2.3105860846602684,2.1999867083939018,2.1999867083939018,1.5,False,False,25.0,False,DEMONSTRATION_ONLY
TYPICAL,LOOP_B,Open-product wash loop,5,1.25,IND_A,Indicator organism A,7.295869284539606,0.8630770444114106,16.0,7.0,0.997,1.2,2.1999867083939018,2.0937239957003424,2.0937239957003424,1.5,False,False,250.0,False,DEMONSTRATION_ONLY
TYPICAL,LOOP_B,Open-product wash loop,5,1.25,MES_B,Mesophilic organism B,0.8131478176154021,-0.08983049925292712,16.0,7.0,0.997,1.2,2.1999867083939018,2.0937239957003424,2.0937239957003424,1.5,False,False,50.0,False,DEMONSTRATION_ONLY
TYPICAL,LOOP_B,Open-product wash loop,5,1.25,PSY_C,Cold-tolerant organism C,0.4339919561703704,-0.3625183198496908,16.0,7.0,0.997,1.2,2.1999867083939018,2.0937239957003424,2.0937239957003424,1.5,False,False,25.0,False,DEMONSTRATION_ONLY
TYPICAL,LOOP_B,Open-product wash loop,6,1.5,IND_A,Indicator organism A,7.215915341436501,0.8582914293339615,16.0,7.0,0.997,1.2,2.0937239957003424,1.991627903568693,1.991627903568693,1.5,False,False,250.0,False,DEMONSTRATION_ONLY
TYPICAL,LOOP_B,Open-product wash loop,6,1.5,MES_B,Mesophilic organism B,0.7912051178419209,-0.10171091220547131,16.0,7.0,0.997,1.2,2.0937239957003424,1.991627903568693,1.991627903568693,1.5,False,False,50.0,False,DEMONSTRATION_ONLY
TYPICAL,LOOP_B,Open-product wash loop,6,1.5,PSY_C,Cold-tolerant organism C,0.4279484819361122,-0.36860850985959664,16.0,7.0,0.997,1.2,2.0937239957003424,1.991627903568693,1.991627903568693,1.5,False,False,25.0,False,DEMONSTRATION_ONLY
TYPICAL,LOOP_B,Open-product wash loop,7,1.75,IND_A,Indicator organism A,7.144771614203404,0.8539883509329425,16.0,7.0,0.997,1.2,1.991627903568693,1.8935350564698816,1.8935350564698816,1.5,False,False,250.0,False,DEMONSTRATION_ONLY
TYPICAL,LOOP_B,Open-product wash loop,7,1.75,MES_B,Mesophilic organism B,0.7705788502654917,-0.11318291504666278,16.0,7.0,0.997,1.2,1.991627903568693,1.8935350564698816,1.8935350564698816,1.5,False,False,50.0,False,DEMONSTRATION_ONLY
TYPICAL,LOOP_B,Open-product wash loop,7,1.75,PSY_C,Cold-tolerant organism C,0.42230411491633657,-0.3743746868044274,16.0,7.0,0.997,1.2,1.991627903568693,1.8935350564698816,1.8935350564698816,1.5,False,False,25.0,False,DEMONSTRATION_ONLY
TYPICAL,LOOP_B,Open-product wash loop,8,2.0,IND_A,Indicator organism A,7.081883786531727,0.8501487957231224,16.0,7.0,0.997,1.2,1.8935350564698816,1.79928848492096,1.79928848492096,1.5,False,False,250.0,False,DEMONSTRATION_ONLY
TYPICAL,LOOP_B,Open-product wash loop,8,2.0,MES_B,Mesophilic organism B,0.7511690901460194,-0.12426229115622671,16.0,7.0,0.997,1.2,1.8935350564698816,1.79928848492096,1.79928848492096,1.5,False,False,50.0,False,DEMONSTRATION_ONLY
TYPICAL,LOOP_B,Open-product wash loop,8,2.0,PSY_C,Cold-tolerant organism C,0.4170330134991701,-0.37982956370009996,16.0,7.0,0.997,1.2,1.8935350564698816,1.79928848492096,1.79928848492096,1.5,False,False,25.0,False,DEMONSTRATION_ONLY
TYPICAL,LOOP_B,Open-product wash loop,9,2.25,IND_A,Indicator organism A,7.026749834078112,0.8467544920866124,16.0,7.0,0.997,1.2,1.79928848492096,1.7087373743004426,1.7087373743004426,1.5,False,False,250.0,False,DEMONSTRATION_ONLY
TYPICAL,LOOP_B,Open-product wash loop,9,2.25,MES_B,Mesophilic organism B,0.7328849231833503,-0.134964212466575,16.0,7.0,0.997,1.2,1.79928848492096,1.7087373743004426,1.7087373743004426,1.5,False,False,50.0,False,DEMONSTRATION_ONLY
TYPICAL,LOOP_B,Open-product wash loop,9,2.25,PSY_C,Cold-tolerant organism C,0.4121114114245131,-0.3849853596319732,16.0,7.0,0.997,1.2,1.79928848492096,1.7087373743004426,1.7087373743004426,1.5,False,False,25.0,False,DEMONSTRATION_ONLY
TYPICAL,LOOP_B,Open-product wash loop,10,2.5,IND_A,Indicator organism A,6.978914563177859,0.8437878816662869,16.0,7.0,0.997,1.2,1.7087373743004426,1.6217368235127356,1.6217368235127356,1.5,False,False,250.0,False,DEMONSTRATION_ONLY
TYPICAL,LOOP_B,Open-product wash loop,10,2.5,MES_B,Mesophilic organism B,0.7156435094899224,-0.14530326318996736,16.0,7.0,0.997,1.2,1.7087373743004426,1.6217368235127356,1.6217368235127356,1.5,False,False,50.0,False,DEMONSTRATION_ONLY
TYPICAL,LOOP_B,Open-product wash loop,10,2.5,PSY_C,Cold-tolerant organism C,0.4075174229003281,-0.3898538188069072,16.0,7.0,0.997,1.2,1.7087373743004426,1.6217368235127356,1.6217368235127356,1.5,False,False,25.0,False,DEMONSTRATION_ONLY
TYPICAL,LOOP_B,Open-product wash loop,11,2.75,IND_A,Indicator organism A,6.937964796004751,0.8412320918537397,16.0,7.0,0.997,1.2,1.6217368235127356,1.5381476131154714,2.8,1.5,False,True,250.0,False,DEMONSTRATION_ONLY
TYPICAL,LOOP_B,Open-product wash loop,11,2.75,MES_B,Mesophilic organism B,0.6993692566637991,-0.15529346261116583,16.0,7.0,0.997,1.2,1.6217368235127356,1.5381476131154714,2.8,1.5,False,True,50.0,False,DEMONSTRATION_ONLY
TYPICAL,LOOP_B,Open-product wash loop,11,2.75,PSY_C,Cold-tolerant organism C,0.4032308684141239,-0.3944462288721196,16.0,7.0,0.997,1.2,1.6217368235127356,1.5381476131154714,2.8,1.5,False,True,25.0,False,DEMONSTRATION_ONLY
TYPICAL,LOOP_B,Open-product wash loop,12,3.0,IND_A,Indicator organism A,6.8097060962819,0.8331283683713168,16.0,7.0,0.997,1.2,2.8,2.6702104296265046,2.6702104296265046,1.5,False,False,250.0,False,DEMONSTRATION_ONLY
TYPICAL,LOOP_B,Open-product wash loop,12,3.0,MES_B,Mesophilic organism B,0.6762409867433983,-0.16989851032706363,16.0,7.0,0.997,1.2,2.8,2.6702104296265046,2.6702104296265046,1.5,False,False,50.0,False,DEMONSTRATION_ONLY
TYPICAL,LOOP_B,Open-product wash loop,12,3.0,PSY_C,Cold-tolerant organism C,0.3956087058283899,-0.4027341598159392,16.0,7.0,0.997,1.2,2.8,2.6702104296265046,2.6702104296265046,1.5,False,False,25.0,False,DEMONSTRATION_ONLY
TYPICAL,LOOP_B,Open-product wash loop,13,3.25,IND_A,Indicator organism A,6.693279580661195,0.8256389660168698,16.0,7.0,0.997,1.2,2.6702104296265046,2.545509981099533,2.545509981099533,1.5,False,False,250.0,False,DEMONSTRATION_ONLY
TYPICAL,LOOP_B,Open-product wash loop,13,3.25,MES_B,Mesophilic organism B,0.6546616793902569,-0.18398307975377434,16.0,7.0,0.997,1.2,2.6702104296265046,2.545509981099533,2.545509981099533,1.5,False,False,50.0,False,DEMONSTRATION_ONLY
TYPICAL,LOOP_B,Open-product wash loop,13,3.25,PSY_C,Cold-tolerant organism C,0.38849954472193643,-0.4106094858073825,16.0,7.0,0.997,1.2,2.6702104296265046,2.545509981099533,2.545509981099533,1.5,False,False,25.0,False,DEMONSTRATION_ONLY
TYPICAL,LOOP_B,Open-product wash loop,14,3.5,IND_A,Indicator organism A,6.587789711625469,0.8187397276351979,16.0,7.0,0.997,1.2,2.545509981099533,2.425699107097261,2.425699107097261,1.5,False,False,250.0,False,DEMONSTRATION_ONLY
TYPICAL,LOOP_B,Open-product wash loop,14,3.5,MES_B,Mesophilic organism B,0.6345017182292124,-0.19756719749921303,16.0,7.0,0.997,1.2,2.545509981099533,2.425699107097261,2.425699107097261,1.5,False,False,50.0,False,DEMONSTRATION_ONLY
TYPICAL,LOOP_B,Open-product wash loop,14,3.5,PSY_C,Cold-tolerant organism C,0.3818665728601057,-0.41808835644148823,16.0,7.0,0.997,1.2,2.545509981099533,2.425699107097261,2.425699107097261,1.5,False,False,25.0,False,DEMONSTRATION_ONLY
TYPICAL,LOOP_B,Open-product wash loop,15,3.75,IND_A,Indicator organism A,6.492432381312021,0.8124074351475493,16.0,7.0,0.997,1.2,2.425699107097261,2.3105860846602684,2.3105860846602684,1.5,False,False,250.0,False,DEMONSTRATION_ONLY
TYPICAL,LOOP_B,Open-product wash loop,15,3.75,MES_B,Mesophilic organism B,0.6156443277171364,-0.21067011757697188,16.0,7.0,0.997,1.2,2.425699107097261,2.3105860846602684,2.3105860846602684,1.5,False,False,50.0,False,DEMONSTRATION_ONLY
TYPICAL,LOOP_B,Open-product wash loop,15,3.75,PSY_C,Cold-tolerant organism C,0.37567621867319406,-0.42518629608885294,16.0,7.0,0.997,1.2,2.425699107097261,2.3105860846602684,2.3105860846602684,1.5,False,False,25.0,False,DEMONSTRATION_ONLY
TYPICAL,LOOP_B,Open-product wash loop,16,4.0,IND_A,Indicator organism A,6.406484407173597,0.8066197734487575,16.0,7.0,0.997,1.2,2.3105860846602684,2.1999867083939018,2.1999867083939018,1.5,False,False,250.0,False,DEMONSTRATION_ONLY
TYPICAL,LOOP_B,Open-product wash loop,16,4.0,MES_B,Mesophilic organism B,0.5979841165450239,-0.22331035144379877,16.0,7.0,0.997,1.2,2.3105860846602684,2.1999867083939018,2.1999867083939018,1.5,False,False,50.0,False,DEMONSTRATION_ONLY
TYPICAL,LOOP_B,Open-product wash loop,16,4.0,PSY_C,Cold-tolerant organism C,0.36989782021856626,-0.4319182279434265,16.0,7.0,0.997,1.2,2.3105860846602684,2.1999867083939018,2.1999867083939018,1.5,False,False,25.0,False,DEMONSTRATION_ONLY
TYPICAL,LOOP_B,Open-product wash loop,17,4.25,IND_A,Indicator organism A,6.329294383034184,0.801355295698889,16.0,7.0,0.997,1.2,2.1999867083939018,2.0937239957003424,2.0937239957003424,1.5,False,False,250.0,False,DEMONSTRATION_ONLY
TYPICAL,LOOP_B,Open-product wash loop,17,4.25,MES_B,Mesophilic organism B,0.5814258054391536,-0.23550569683267059,16.0,7.0,0.997,1.2,2.1999867083939018,2.0937239957003424,2.0937239957003424,1.5,False,False,50.0,False,DEMONSTRATION_ONLY
TYPICAL,LOOP_B,Open-product wash loop,17,4.25,PSY_C,Cold-tolerant organism C,0.36450333217872305,-0.43829849713964875,16.0,7.0,0.997,1.2,2.1999867083939018,2.0937239957003424,2.0937239957003424,1.5,False,False,25.0,False,DEMONSTRATION_ONLY
TYPICAL,LOOP_B,Open-product wash loop,18,4.5,IND_A,Indicator organism A,6.260274693376198,0.7965933899516656,16.0,7.0,0.997,1.2,2.0937239957003424,1.991627903568693,1.991627903568693,1.5,False,False,250.0,False,DEMONSTRATION_ONLY
TYPICAL,LOOP_B,Open-product wash loop,18,4.5,MES_B,Mesophilic organism B,0.565883113768819,-0.247273265432829,16.0,7.0,0.997,1.2,2.0937239957003424,1.991627903568693,1.991627903568693,1.5,False,False,50.0,False,DEMONSTRATION_ONLY
TYPICAL,LOOP_B,Open-product wash loop,18,4.5,PSY_C,Cold-tolerant organism C,0.3594670660761696,-0.44434089297672985,16.0,7.0,0.997,1.2,2.0937239957003424,1.991627903568693,1.991627903568693,1.5,False,False,25.0,False,DEMONSTRATION_ONLY
TYPICAL,LOOP_B,Open-product wash loop,19,4.75,IND_A,Indicator organism A,6.198894528249692,0.7923142470647794,16.0,7.0,0.997,1.2,1.991627903568693,1.8935350564698816,1.8935350564698816,1.5,False,False,250.0,False,DEMONSTRATION_ONLY
TYPICAL,LOOP_B,Open-product wash loop,19,4.75,MES_B,Mesophilic organism B,0.5512777832131718,-0.2586295094658514,16.0,7.0,0.997,1.2,1.991627903568693,1.8935350564698816,1.8935350564698816,1.5,False,False,50.0,False,DEMONSTRATION_ONLY
TYPICAL,LOOP_B,Open-product wash loop,19,4.75,PSY_C,Cold-tolerant organism C,0.3547654595501792,-0.45005867028614427,16.0,7.0,0.997,1.2,1.991627903568693,1.8935350564698816,1.8935350564698816,1.5,False,False,25.0,False,DEMONSTRATION_ONLY
TYPICAL,LOOP_B,Open-product wash loop,20,5.0,IND_A,Indicator organism A,6.144673760868193,0.7884988298399069,16.0,7.0,0.997,1.2,1.8935350564698816,1.79928848492096,1.79928848492096,1.5,False,False,250.0,False,DEMONSTRATION_ONLY
TYPICAL,LOOP_B,Open-product wash loop,20,5.0,MES_B,Mesophilic organism B,0.5375387199653899,-0.2695902472046289,16.0,7.0,0.997,1.2,1.8935350564698816,1.79928848492096,1.79928848492096,1.5,False,False,50.0,False,DEMONSTRATION_ONLY
TYPICAL,LOOP_B,Open-product wash loop,20,5.0,PSY_C,Cold-tolerant organism C,0.3503768711062182,-0.4554645699767568,16.0,7.0,0.997,1.2,1.8935350564698816,1.79928848492096,1.79928848492096,1.5,False,False,25.0,False,DEMONSTRATION_ONLY
TYPICAL,LOOP_B,Open-product wash loop,21,5.25,IND_A,Indicator organism A,6.097177570608154,0.7851288433427811,16.0,7.0,0.997,1.2,1.79928848492096,1.7087373743004426,1.7087373743004426,1.5,False,False,250.0,False,DEMONSTRATION_ONLY
TYPICAL,LOOP_B,Open-product wash loop,21,5.25,MES_B,Mesophilic organism B,0.524601239664849,-0.2801706874800015,16.0,7.0,0.997,1.2,1.79928848492096,1.7087373743004426,1.7087373743004426,1.5,False,False,50.0,False,DEMONSTRATION_ONLY
TYPICAL,LOOP_B,Open-product wash loop,21,5.25,PSY_C,Cold-tolerant organism C,0.3462813972315109,-0.4605708387904448,16.0,7.0,0.997,1.2,1.79928848492096,1.7087373743004426,1.7087373743004426,1.5,False,False,25.0,False,DEMONSTRATION_ONLY
TYPICAL,LOOP_B,Open-product wash loop,22,5.5,IND_A,Indicator organism A,6.056011711458016,0.7821867063560641,16.0,7.0,0.997,1.2,1.7087373743004426,1.6217368235127356,1.6217368235127356,1.5,False,False,250.0,False,DEMONSTRATION_ONLY
TYPICAL,LOOP_B,Open-product wash loop,22,5.5,MES_B,Mesophilic organism B,0.5124064015341483,-0.2903854532177691,16.0,7.0,0.997,1.2,1.7087373743004426,1.6217368235127356,1.6217368235127356,1.5,False,False,50.0,False,DEMONSTRATION_ONLY
TYPICAL,LOOP_B,Open-product wash loop,22,5.5,PSY_C,Cold-tolerant organism C,0.34246070918298094,-0.46538924829959916,16.0,7.0,0.997,1.2,1.7087373743004426,1.6217368235127356,1.6217368235127356,1.5,False,False,25.0,False,DEMONSTRATION_ONLY
TYPICAL,LOOP_B,Open-product wash loop,23,5.75,IND_A,Indicator organism A,6.020818340538738,0.779655523920022,16.0,7.0,0.997,1.2,1.6217368235127356,1.5381476131154714,2.8,1.5,False,True,250.0,False,DEMONSTRATION_ONLY
TYPICAL,LOOP_B,Open-product wash loop,23,5.75,MES_B,Mesophilic organism B,0.5009004201290582,-0.3002486040468499,16.0,7.0,0.997,1.2,1.6217368235127356,1.5381476131154714,2.8,1.5,False,True,50.0,False,DEMONSTRATION_ONLY
TYPICAL,LOOP_B,Open-product wash loop,23,5.75,PSY_C,Cold-tolerant organism C,0.33889790710743173,-0.4699311131764907,16.0,7.0,0.997,1.2,1.6217368235127356,1.5381476131154714,2.8,1.5,False,True,25.0,False,DEMONSTRATION_ONLY
TYPICAL,LOOP_B,Open-product wash loop,24,6.0,IND_A,Indicator organism A,5.909855476679305,0.7715768605008605,16.0,7.0,0.997,1.2,2.8,2.6702104296265046,2.6702104296265046,1.5,False,False,250.0,False,DEMONSTRATION_ONLY
TYPICAL,LOOP_B,Open-product wash loop,24,6.0,MES_B,Mesophilic organism B,0.48448195506766434,-0.3147223939702483,16.0,7.0,0.997,1.2,2.8,2.6702104296265046,2.6702104296265046,1.5,False,False,50.0,False,DEMONSTRATION_ONLY
TYPICAL,LOOP_B,Open-product wash loop,24,6.0,PSY_C,Cold-tolerant organism C,0.3325312288802699,-0.47816756271121974,16.0,7.0,0.997,1.2,2.8,2.6702104296265046,2.6702104296265046,1.5,False,False,25.0,False,DEMONSTRATION_ONLY
TYPICAL,LOOP_B,Open-product wash loop,25,6.25,IND_A,Indicator organism A,5.809154711697667,0.7641129429320479,16.0,7.0,0.997,1.2,2.6702104296265046,2.545509981099533,2.545509981099533,1.5,False,False,250.0,False,DEMONSTRATION_ONLY
TYPICAL,LOOP_B,Open-product wash loop,25,6.25,MES_B,Mesophilic organism B,0.4691681003221649,-0.3286715241034462,16.0,7.0,0.997,1.2,2.6702104296265046,2.545509981099533,2.545509981099533,1.5,False,False,50.0,False,DEMONSTRATION_ONLY
TYPICAL,LOOP_B,Open-product wash loop,25,6.25,PSY_C,Cold-tolerant organism C,0.32659497301324597,-0.48599050425767815,16.0,7.0,0.997,1.2,2.6702104296265046,2.545509981099533,2.545509981099533,1.5,False,False,25.0,False,DEMONSTRATION_ONLY
TYPICAL,LOOP_B,Open-product wash loop,26,6.5,IND_A,Indicator organism A,5.717939894724468,0.7572395858721463,16.0,7.0,0.997,1.2,2.545509981099533,2.425699107097261,2.425699107097261,1.5,False,False,250.0,False,DEMONSTRATION_ONLY
TYPICAL,LOOP_B,Open-product wash loop,26,6.5,MES_B,Mesophilic organism B,0.4548664929457927,-0.34211605363983344,16.0,7.0,0.997,1.2,2.545509981099533,2.425699107097261,2.425699107097261,1.5,False,False,50.0,False,DEMONSTRATION_ONLY
TYPICAL,LOOP_B,Open-product wash loop,26,6.5,PSY_C,Cold-tolerant organism C,0.3210582832163401,-0.4934161209234931,16.0,7.0,0.997,1.2,2.545509981099533,2.425699107097261,2.425699107097261,1.5,False,False,25.0,False,DEMONSTRATION_ONLY
TYPICAL,LOOP_B,Open-product wash loop,27,6.75,IND_A,Indicator organism A,5.635514128819795,0.7509335429418467,16.0,7.0,0.997,1.2,2.425699107097261,2.3105860846602684,2.3105860846602684,1.5,False,False,250.0,False,DEMONSTRATION_ONLY
TYPICAL,LOOP_B,Open-product wash loop,27,6.75,MES_B,Mesophilic organism B,0.44149391910968794,-0.35507527377450915,16.0,7.0,0.997,1.2,2.425699107097261,2.3105860846602684,2.3105860846602684,1.5,False,False,50.0,False,DEMONSTRATION_ONLY
TYPICAL,LOOP_B,Open-product wash loop,27,6.75,PSY_C,Cold-tolerant organism C,0.31589301955227467,-0.5004599708135061,16.0,7.0,0.997,1.2,2.425699107097261,2.3105860846602684,2.3105860846602684,1.5,False,False,25.0,False,DEMONSTRATION_ONLY
TYPICAL,LOOP_B,Open-product wash loop,28,7.0,IND_A,Indicator organism A,5.561250665650223,0.745172470738695,16.0,7.0,0.997,1.2,2.3105860846602684,2.1999867083939018,2.1999867083939018,1.5,False,False,250.0,False,DEMONSTRATION_ONLY
TYPICAL,LOOP_B,Open-product wash loop,28,7.0,MES_B,Mesophilic organism B,0.42897527622515325,-0.3675677374385954,16.0,7.0,0.997,1.2,2.3105860846602684,2.1999867083939018,2.1999867083939018,1.5,False,False,50.0,False,DEMONSTRATION_ONLY
TYPICAL,LOOP_B,Open-product wash loop,28,7.0,PSY_C,Cold-tolerant organism C,0.31107348094635295,-0.5071370109728346,16.0,7.0,0.997,1.2,2.3105860846602684,2.1999867083939018,2.1999867083939018,1.5,False,False,25.0,False,DEMONSTRATION_ONLY
TYPICAL,LOOP_B,Open-product wash loop,29,7.25,IND_A,Indicator organism A,5.494584975044925,0.7399348942381518,16.0,7.0,0.997,1.2,2.1999867083939018,2.0937239957003424,2.0937239957003424,1.5,False,False,250.0,False,DEMONSTRATION_ONLY
TYPICAL,LOOP_B,Open-product wash loop,29,7.25,MES_B,Mesophilic organism B,0.41724266645868785,-0.3796112878290965,16.0,7.0,0.997,1.2,2.1999867083939018,2.0937239957003424,2.0937239957003424,1.5,False,False,50.0,False,DEMONSTRATION_ONLY
TYPICAL,LOOP_B,Open-product wash loop,29,7.25,PSY_C,Cold-tolerant organism C,0.3065761595799523,-0.5134616204060882,16.0,7.0,0.997,1.2,2.1999867083939018,2.0937239957003424,2.0937239957003424,1.5,False,False,25.0,False,DEMONSTRATION_ONLY
TYPICAL,LOOP_B,Open-product wash loop,30,7.5,IND_A,Indicator organism A,5.435007822860616,0.7352001735230959,16.0,7.0,0.997,1.2,2.0937239957003424,1.991627903568693,1.991627903568693,1.5,False,False,250.0,False,DEMONSTRATION_ONLY
TYPICAL,LOOP_B,Open-product wash loop,30,7.5,MES_B,Mesophilic organism B,0.40623460340404666,-0.3912230857875324,16.0,7.0,0.997,1.2,2.0937239957003424,1.991627903568693,1.991627903568693,1.5,False,False,50.0,False,DEMONSTRATION_ONLY
TYPICAL,LOOP_B,Open-product wash loop,30,7.5,PSY_C,Cold-tolerant organism C,0.30237952312802957,-0.5194476222105446,16.0,7.0,0.997,1.2,2.0937239957003424,1.991627903568693,1.991627903568693,1.5,False,False,25.0,False,DEMONSTRATION_ONLY
TYPICAL,LOOP_B,Open-product wash loop,31,7.75,IND_A,Indicator organism A,5.382059216202915,0.7309484717868378,16.0,7.0,0.997,1.2,1.991627903568693,1.8935350564698816,1.8935350564698816,1.5,False,False,250.0,False,DEMONSTRATION_ONLY
TYPICAL,LOOP_B,Open-product wash loop,31,7.75,MES_B,Mesophilic organism B,0.3958953164153124,-0.4024196360780987,16.0,7.0,0.997,1.2,1.991627903568693,1.8935350564698816,1.8935350564698816,1.5,False,False,50.0,False,DEMONSTRATION_ONLY
TYPICAL,LOOP_B,Open-product wash loop,31,7.75,PSY_C,Cold-tolerant organism C,0.29846382135780064,-0.5251083048592918,16.0,7.0,0.997,1.2,1.991627903568693,1.8935350564698816,1.8935350564698816,1.5,False,False,25.0,False,DEMONSTRATION_ONLY
TYPICAL,LOOP_B,Open-product wash loop,32,8.0,IND_A,Indicator organism A,5.335323096439624,0.7271607245574985,16.0,7.0,0.997,1.2,1.8935350564698816,1.79928848492096,1.79928848492096,1.5,False,False,250.0,False,DEMONSTRATION_ONLY
TYPICAL,LOOP_B,Open-product wash loop,32,8.0,MES_B,Mesophilic organism B,0.38617413940339973,-0.41321681261370874,16.0,7.0,0.997,1.2,1.8935350564698816,1.79928848492096,1.79928848492096,1.5,False,False,50.0,False,DEMONSTRATION_ONLY
TYPICAL,LOOP_B,Open-product wash loop,32,8.0,PSY_C,Cold-tolerant organism C,0.29481091407992716,-0.5304564426686548,16.0,7.0,0.997,1.2,1.8935350564698816,1.79928848492096,1.79928848492096,1.5,False,False,25.0,False,DEMONSTRATION_ONLY
TYPICAL,LOOP_B,Open-product wash loop,33,8.25,IND_A,Indicator organism A,5.294422678343121,0.7238186100942197,16.0,7.0,0.997,1.2,1.79928848492096,1.7087373743004426,1.7087373743004426,1.5,False,False,250.0,False,DEMONSTRATION_ONLY
TYPICAL,LOOP_B,Open-product wash loop,33,8.25,MES_B,Mesophilic organism B,0.3770249728311506,-0.42362988267597906,16.0,7.0,0.997,1.2,1.79928848492096,1.7087373743004426,1.7087373743004426,1.5,False,False,50.0,False,DEMONSTRATION_ONLY
TYPICAL,LOOP_B,Open-product wash loop,33,8.25,PSY_C,Cold-tolerant organism C,0.29140411784817605,-0.535504315482623,16.0,7.0,0.997,1.2,1.79928848492096,1.7087373743004426,1.7087373743004426,1.5,False,False,25.0,False,DEMONSTRATION_ONLY
TYPICAL,LOOP_B,Open-product wash loop,34,8.5,IND_A,Indicator organism A,5.259016348720205,0.7209045209081398,16.0,7.0,0.997,1.2,1.7087373743004426,1.6217368235127356,1.6217368235127356,1.5,False,False,250.0,False,DEMONSTRATION_ONLY
TYPICAL,LOOP_B,Open-product wash loop,34,8.5,MES_B,Mesophilic organism B,0.3684058092711729,-0.43367353017301036,16.0,7.0,0.997,1.2,1.7087373743004426,1.6217368235127356,1.6217368235127356,1.5,False,False,50.0,False,DEMONSTRATION_ONLY
TYPICAL,LOOP_B,Open-product wash loop,34,8.5,PSY_C,Cold-tolerant organism C,0.2882280691495056,-0.5402637276054909,16.0,7.0,0.997,1.2,1.7087373743004426,1.6217368235127356,1.6217368235127356,1.5,False,False,25.0,False,DEMONSTRATION_ONLY
TYPICAL,LOOP_B,Open-product wash loop,35,8.75,IND_A,Indicator organism A,5.228794050522247,0.718401536363375,16.0,7.0,0.997,1.2,1.6217368235127356,1.5381476131154714,2.8,1.5,False,True,250.0,False,DEMONSTRATION_ONLY
TYPICAL,LOOP_B,Open-product wash loop,35,8.75,MES_B,Mesophilic organism B,0.3602783142666445,-0.4433618779767065,16.0,7.0,0.997,1.2,1.6217368235127356,1.5381476131154714,2.8,1.5,False,True,50.0,False,DEMONSTRATION_ONLY
TYPICAL,LOOP_B,Open-product wash loop,35,8.75,PSY_C,Cold-tolerant organism C,0.2852686021229642,-0.5447460260124874,16.0,7.0,0.997,1.2,1.6217368235127356,1.5381476131154714,2.8,1.5,False,True,25.0,False,DEMONSTRATION_ONLY
TYPICAL,LOOP_B,Open-product wash loop,36,9.0,IND_A,Indicator organism A,5.1327674252870965,0.7103515860603365,16.0,7.0,0.997,1.2,2.8,2.6702104296265046,2.6702104296265046,1.5,False,False,250.0,False,DEMONSTRATION_ONLY
TYPICAL,LOOP_B,Open-product wash loop,36,9.0,MES_B,Mesophilic organism B,0.3486139799313608,-0.45765520103179275,16.0,7.0,0.997,1.2,2.8,2.6702104296265046,2.6702104296265046,1.5,False,False,50.0,False,DEMONSTRATION_ONLY
TYPICAL,LOOP_B,Open-product wash loop,36,9.0,PSY_C,Cold-tolerant organism C,0.2799485218472454,-0.5529218212759077,16.0,7.0,0.997,1.2,2.8,2.6702104296265046,2.6702104296265046,1.5,False,False,25.0,False,DEMONSTRATION_ONLY
TYPICAL,LOOP_B,Open-product wash loop,37,9.25,IND_A,Indicator organism A,5.045647013592092,0.7029168646097474,16.0,7.0,0.997,1.2,2.6702104296265046,2.545509981099533,2.545509981099533,1.5,False,False,250.0,False,DEMONSTRATION_ONLY
TYPICAL,LOOP_B,Open-product wash loop,37,9.25,MES_B,Mesophilic organism B,0.33773941686175624,-0.471418250804973,16.0,7.0,0.997,1.2,2.6702104296265046,2.545509981099533,2.545509981099533,1.5,False,False,50.0,False,DEMONSTRATION_ONLY
TYPICAL,LOOP_B,Open-product wash loop,37,9.25,PSY_C,Cold-tolerant organism C,0.27499002425411734,-0.5606830606787252,16.0,7.0,0.997,1.2,2.6702104296265046,2.545509981099533,2.545509981099533,1.5,False,False,25.0,False,DEMONSTRATION_ONLY
TYPICAL,LOOP_B,Open-product wash loop,38,9.5,IND_A,Indicator organism A,4.96675976380167,0.6960731542012865,16.0,7.0,0.997,1.2,2.545509981099533,2.425699107097261,2.425699107097261,1.5,False,False,250.0,False,DEMONSTRATION_ONLY
TYPICAL,LOOP_B,Open-product wash loop,38,9.5,MES_B,Mesophilic organism B,0.3275886574612929,-0.4846711438079868,16.0,7.0,0.997,1.2,2.545509981099533,2.425699107097261,2.425699107097261,1.5,False,False,50.0,False,DEMONSTRATION_ONLY
TYPICAL,LOOP_B,Open-product wash loop,38,9.5,PSY_C,Cold-tolerant organism C,0.2703672180531105,-0.5680459676184286,16.0,7.0,0.997,1.2,2.545509981099533,2.425699107097261,2.425699107097261,1.5,False,False,25.0,False,DEMONSTRATION_ONLY
TYPICAL,LOOP_B,Open-product wash loop,39,9.75,IND_A,Indicator organism A,4.89550136356769,0.6897971758696586,16.0,7.0,0.997,1.2,2.425699107097261,2.3105860846602684,2.3105860846602684,1.5,False,False,250.0,False,DEMONSTRATION_ONLY
TYPICAL,LOOP_B,Open-product wash loop,39,9.75,MES_B,Mesophilic organism B,0.31810226754361126,-0.49743323507947124,16.0,7.0,0.997,1.2,2.425699107097261,2.3105860846602684,2.3105860846602684,1.5,False,False,50.0,False,DEMONSTRATION_ONLY
TYPICAL,LOOP_B,Open-product wash loop,39,9.75,PSY_C,Cold-tolerant organism C,0.26605649122892827,-0.5750261407215408,16.0,7.0,0.997,1.2,2.425699107097261,2.3105860846602684,2.3105860846602684,1.5,False,False,25.0,False,DEMONSTRATION_ONLY
TYPICAL,LOOP_B,Open-product wash loop,40,10.0,IND_A,Indicator organism A,4.831328342660551,0.6840665536446647,16.0,7.0,0.997,1.2,2.3105860846602684,2.1999867083939018,2.1999867083939018,1.5,False,False,250.0,False,DEMONSTRATION_ONLY
TYPICAL,LOOP_B,Open-product wash loop,40,10.0,MES_B,Mesophilic organism B,0.30922660513254696,-0.5097231474665789,16.0,7.0,0.997,1.2,2.3105860846602684,2.1999867083939018,2.1999867083939018,1.5,False,False,50.0,False,DEMONSTRATION_ONLY
TYPICAL,LOOP_B,Open-product wash loop,40,10.0,PSY_C,Cold-tolerant organism C,0.26203627818978276,-0.5816385776614035,16.0,7.0,0.997,1.2,2.3105860846602684,2.1999867083939018,2.1999867083939018,1.5,False,False,25.0,False,DEMONSTRATION_ONLY
TYPICAL,LOOP_B,Open-product wash loop,41,10.25,IND_A,Indicator organism A,4.77375119479067,0.6788597800780864,16.0,7.0,0.997,1.2,2.1999867083939018,2.0937239957003424,2.0937239957003424,1.5,False,False,250.0,False,DEMONSTRATION_ONLY
TYPICAL,LOOP_B,Open-product wash loop,41,10.25,MES_B,Mesophilic organism B,0.300913173098137,-0.5215587997022451,16.0,7.0,0.997,1.2,2.1999867083939018,2.0937239957003424,2.0937239957003424,1.5,False,False,50.0,False,DEMONSTRATION_ONLY
TYPICAL,LOOP_B,Open-product wash loop,41,10.25,PSY_C,Cold-tolerant organism C,0.258286853670698,-0.5878976980604,16.0,7.0,0.997,1.2,2.1999867083939018,2.0937239957003424,2.0937239957003424,1.5,False,False,25.0,False,DEMONSTRATION_ONLY
TYPICAL,LOOP_B,Open-product wash loop,42,10.5,IND_A,Indicator organism A,4.722328373951667,0.6741561830893332,16.0,7.0,0.997,1.2,2.0937239957003424,1.991627903568693,1.991627903568693,1.5,False,False,250.0,False,DEMONSTRATION_ONLY
TYPICAL,LOOP_B,Open-product wash loop,42,10.5,MES_B,Mesophilic organism B,0.29311805260536183,-0.532957433334142,16.0,7.0,0.997,1.2,2.0937239957003424,1.991627903568693,1.991627903568693,1.5,False,False,50.0,False,DEMONSTRATION_ONLY
TYPICAL,LOOP_B,Open-product wash loop,42,10.5,PSY_C,Cold-tolerant organism C,0.2547901500019591,-0.5938173655144074,16.0,7.0,0.997,1.2,2.0937239957003424,1.991627903568693,1.991627903568693,1.5,False,False,25.0,False,DEMONSTRATION_ONLY
TYPICAL,LOOP_B,Open-product wash loop,43,10.75,IND_A,Indicator organism A,4.6766610430352875,0.6699358940748675,16.0,7.0,0.997,1.2,1.991627903568693,1.8935350564698816,1.8935350564698816,1.5,False,False,250.0,False,DEMONSTRATION_ONLY
TYPICAL,LOOP_B,Open-product wash loop,43,10.75,MES_B,Mesophilic organism B,0.28580140630898604,-0.54393563855859,16.0,7.0,0.997,1.2,1.991627903568693,1.8935350564698816,1.8935350564698816,1.5,False,False,50.0,False,DEMONSTRATION_ONLY
TYPICAL,LOOP_B,Open-product wash loop,43,10.75,PSY_C,Cold-tolerant organism C,0.25152959482011683,-0.5994109087754107,16.0,7.0,0.997,1.2,1.991627903568693,1.8935350564698816,1.8935350564698816,1.5,False,False,25.0,False,DEMONSTRATION_ONLY
TYPICAL,LOOP_B,Open-product wash loop,44,11.0,IND_A,Indicator organism A,4.636388471018092,0.6661798172293102,16.0,7.0,0.997,1.2,1.8935350564698816,1.79928848492096,1.79928848492096,1.5,False,False,250.0,False,DEMONSTRATION_ONLY
TYPICAL,LOOP_B,Open-product wash loop,44,11.0,MES_B,Mesophilic organism B,0.2789270418692945,-0.554509379010028,16.0,7.0,0.997,1.2,1.8935350564698816,1.79928848492096,1.79928848492096,1.5,False,False,50.0,False,DEMONSTRATION_ONLY
TYPICAL,LOOP_B,Open-product wash loop,44,11.0,PSY_C,Cold-tolerant organism C,0.24848996669685386,-0.6046911421264647,16.0,7.0,0.997,1.2,1.8935350564698816,1.79928848492096,1.79928848492096,1.5,False,False,25.0,False,DEMONSTRATION_ONLY
TYPICAL,LOOP_B,Open-product wash loop,45,11.25,IND_A,Indicator organism A,4.601183990546423,0.6628696000288441,16.0,7.0,0.997,1.2,1.79928848492096,1.7087373743004426,1.7087373743004426,1.5,False,False,250.0,False,DEMONSTRATION_ONLY
TYPICAL,LOOP_B,Open-product wash loop,45,11.25,MES_B,Mesophilic organism B,0.27246202774380845,-0.5646940155540826,16.0,7.0,0.997,1.2,1.79928848492096,1.7087373743004426,1.7087373743004426,1.5,False,False,50.0,False,DEMONSTRATION_ONLY
TYPICAL,LOOP_B,Open-product wash loop,45,11.25,PSY_C,Cold-tolerant organism C,0.24565726650055897,-0.6096703849815469,16.0,7.0,0.997,1.2,1.79928848492096,1.7087373743004426,1.7087373743004426,1.5,False,False,25.0,False,DEMONSTRATION_ONLY
TYPICAL,LOOP_B,Open-product wash loop,46,11.5,IND_A,Indicator organism A,4.570751440774088,0.6599876048300635,16.0,7.0,0.997,1.2,1.7087373743004426,1.6217368235127356,1.6217368235127356,1.5,False,False,250.0,False,DEMONSTRATION_ONLY
TYPICAL,LOOP_B,Open-product wash loop,46,11.5,MES_B,Mesophilic organism B,0.26637635437341856,-0.5745043291298044,16.0,7.0,0.997,1.2,1.7087373743004426,1.6217368235127356,1.6217368235127356,1.5,False,False,50.0,False,DEMONSTRATION_ONLY
TYPICAL,LOOP_B,Open-product wash loop,46,11.5,PSY_C,Cold-tolerant organism C,0.24301860259579194,-0.6143604807412859,16.0,7.0,0.997,1.2,1.7087373743004426,1.6217368235127356,1.6217368235127356,1.5,False,False,25.0,False,DEMONSTRATION_ONLY
TYPICAL,LOOP_B,Open-product wash loop,47,11.75,IND_A,Indicator organism A,4.544822031265386,0.6575168815397961,16.0,7.0,0.997,1.2,1.6217368235127356,1.5381476131154714,2.8,1.5,False,True,250.0,False,DEMONSTRATION_ONLY
TYPICAL,LOOP_B,Open-product wash loop,47,11.75,MES_B,Mesophilic organism B,0.26064263486410827,-0.5839545426842813,16.0,7.0,0.997,1.2,1.6217368235127356,1.5381476131154714,2.8,1.5,False,True,50.0,False,DEMONSTRATION_ONLY
TYPICAL,LOOP_B,Open-product wash loop,47,11.75,PSY_C,Cold-tolerant organism C,0.2405620882345636,-0.6187728149340952,16.0,7.0,0.997,1.2,1.6217368235127356,1.5381476131154714,2.8,1.5,False,True,25.0,False,DEMONSTRATION_ONLY
TYPICAL,LOOP_B,Open-product wash loop,48,12.0,IND_A,Indicator organism A,4.544822031265386,0.6575168815397961,16.0,7.0,0.997,1.2,2.8,2.8,2.8,1.5,False,False,250.0,False,DEMONSTRATION_ONLY
TYPICAL,LOOP_B,Open-product wash loop,48,12.0,MES_B,Mesophilic organism B,0.26064263486410827,-0.5839545426842813,16.0,7.0,0.997,1.2,2.8,2.8,2.8,1.5,False,False,50.0,False,DEMONSTRATION_ONLY
TYPICAL,LOOP_B,Open-product wash loop,48,12.0,PSY_C,Cold-tolerant organism C,0.2405620882345636,-0.6187728149340952,16.0,7.0,0.997,1.2,2.8,2.8,2.8,1.5,False,False,25.0,False,DEMONSTRATION_ONLY
TYPICAL,LOOP_C,Chilled recovery loop,0,0.0,IND_A,Indicator organism A,7.597415743049517,0.8806658923608565,5.0,7.2,0.997,0.5,2.8,2.743926259862205,2.743926259862205,1.5,False,False,250.0,False,DEMONSTRATION_ONLY
TYPICAL,LOOP_C,Chilled recovery loop,0,0.0,MES_B,Mesophilic organism B,0.9524066603236808,-0.02117757616960603,5.0,7.2,0.997,0.5,2.8,2.743926259862205,2.743926259862205,1.5,False,False,50.0,False,DEMONSTRATION_ONLY
TYPICAL,LOOP_C,Chilled recovery loop,0,0.0,PSY_C,Cold-tolerant organism C,0.47852683638047483,-0.3200937014291691,5.0,7.2,0.997,0.5,2.8,2.743926259862205,2.743926259862205,1.5,False,False,25.0,False,DEMONSTRATION_ONLY
TYPICAL,LOOP_C,Chilled recovery loop,1,0.25,IND_A,Indicator organism A,7.219432354713504,0.8585030514606129,5.0,7.2,0.997,0.5,2.743926259862205,2.688825273753699,2.688825273753699,1.5,False,False,250.0,False,DEMONSTRATION_ONLY
TYPICAL,LOOP_C,Chilled recovery loop,1,0.25,MES_B,Mesophilic organism B,0.9075439928168514,-0.042132313537557094,5.0,7.2,0.997,0.5,2.743926259862205,2.688825273753699,2.688825273753699,1.5,False,False,50.0,False,DEMONSTRATION_ONLY
TYPICAL,LOOP_C,Chilled recovery loop,1,0.25,PSY_C,Cold-tolerant organism C,0.4581652532135865,-0.3389778503491676,5.0,7.2,0.997,0.5,2.743926259862205,2.688825273753699,2.688825273753699,1.5,False,False,25.0,False,DEMONSTRATION_ONLY
TYPICAL,LOOP_C,Chilled recovery loop,2,0.5,IND_A,Indicator organism A,6.864317607083346,0.8365973698016899,5.0,7.2,0.997,0.5,2.688825273753699,2.6346801665668247,2.6346801665668247,1.5,False,False,250.0,False,DEMONSTRATION_ONLY
TYPICAL,LOOP_C,Chilled recovery loop,2,0.5,MES_B,Mesophilic organism B,0.865231976053836,-0.06286743887797379,5.0,7.2,0.997,0.5,2.688825273753699,2.6346801665668247,2.6346801665668247,1.5,False,False,50.0,False,DEMONSTRATION_ONLY
TYPICAL,LOOP_C,Chilled recovery loop,2,0.5,PSY_C,Cold-tolerant organism C,0.4399421112467801,-0.3566044653775843,5.0,7.2,0.997,0.5,2.688825273753699,2.6346801665668247,2.6346801665668247,1.5,False,False,25.0,False,DEMONSTRATION_ONLY
TYPICAL,LOOP_C,Chilled recovery loop,3,0.75,IND_A,Indicator organism A,6.53047598765515,0.814944836907284,5.0,7.2,0.997,0.5,2.6346801665668247,2.581474355939318,2.581474355939318,1.5,False,False,250.0,False,DEMONSTRATION_ONLY
TYPICAL,LOOP_C,Chilled recovery loop,3,0.75,MES_B,Mesophilic organism B,0.8253038968398865,-0.08338610427625429,5.0,7.2,0.997,0.5,2.6346801665668247,2.581474355939318,2.581474355939318,1.5,False,False,50.0,False,DEMONSTRATION_ONLY
TYPICAL,LOOP_C,Chilled recovery loop,3,0.75,PSY_C,Cold-tolerant organism C,0.4226128514946572,-0.3740573003543399,5.0,7.2,0.997,0.5,2.6346801665668247,2.581474355939318,2.581474355939318,1.5,False,False,25.0,False,DEMONSTRATION_ONLY
TYPICAL,LOOP_C,Chilled recovery loop,4,1.0,IND_A,Indicator organism A,6.216436833067232,0.7935415250214269,5.0,7.2,0.997,0.5,2.581474355939318,2.529191547175826,2.529191547175826,1.5,False,False,250.0,False,DEMONSTRATION_ONLY
TYPICAL,LOOP_C,Chilled recovery loop,4,1.0,MES_B,Mesophilic organism B,0.7876052671501372,-0.1036913881578515,5.0,7.2,0.997,0.5,2.581474355939318,2.529191547175826,2.529191547175826,1.5,False,False,50.0,False,DEMONSTRATION_ONLY
TYPICAL,LOOP_C,Chilled recovery loop,4,1.0,PSY_C,Cold-tolerant organism C,0.4061263190337576,-0.391338865125195,5.0,7.2,0.997,0.5,2.581474355939318,2.529191547175826,2.529191547175826,1.5,False,False,25.0,False,DEMONSTRATION_ONLY
TYPICAL,LOOP_C,Chilled recovery loop,5,1.25,IND_A,Indicator organism A,5.920843580334766,0.7723835878351167,5.0,7.2,0.997,0.5,2.529191547175826,2.477815728257531,2.477815728257531,1.5,False,False,250.0,False,DEMONSTRATION_ONLY
TYPICAL,LOOP_C,Chilled recovery loop,5,1.25,MES_B,Mesophilic organism B,0.7519928368157245,-0.12378629630492745,5.0,7.2,0.997,0.5,2.529191547175826,2.477815728257531,2.477815728257531,1.5,False,False,50.0,False,DEMONSTRATION_ONLY
TYPICAL,LOOP_C,Chilled recovery loop,5,1.25,PSY_C,Cold-tolerant organism C,0.3904346791735283,-0.40845161440491573,5.0,7.2,0.997,0.5,2.529191547175826,2.477815728257531,2.477815728257531,1.5,False,False,25.0,False,DEMONSTRATION_ONLY
TYPICAL,LOOP_C,Chilled recovery loop,6,1.5,IND_A,Indicator organism A,5.642444022538417,0.7514672592299473,5.0,7.2,0.997,0.5,2.477815728257531,2.4273311649383444,2.4273311649383444,1.5,False,False,250.0,False,DEMONSTRATION_ONLY
TYPICAL,LOOP_C,Chilled recovery loop,6,1.5,MES_B,Mesophilic organism B,0.7183336928542234,-0.14367376286156683,5.0,7.2,0.997,0.5,2.477815728257531,2.4273311649383444,2.4273311649383444,1.5,False,False,50.0,False,DEMONSTRATION_ONLY
TYPICAL,LOOP_C,Chilled recovery loop,6,1.5,PSY_C,Cold-tolerant organism C,0.37549317823557565,-0.42539794862401564,5.0,7.2,0.997,0.5,2.477815728257531,2.4273311649383444,2.4273311649383444,1.5,False,False,25.0,False,DEMONSTRATION_ONLY
TYPICAL,LOOP_C,Chilled recovery loop,7,1.75,IND_A,Indicator organism A,5.38008146811098,0.7307888520387252,5.0,7.2,0.997,0.5,2.4273311649383444,2.377722395926171,2.377722395926171,1.5,False,False,250.0,False,DEMONSTRATION_ONLY
TYPICAL,LOOP_C,Chilled recovery loop,7,1.75,MES_B,Mesophilic organism B,0.6865044372649514,-0.16335665132823815,5.0,7.2,0.997,0.5,2.4273311649383444,2.377722395926171,2.377722395926171,1.5,False,False,50.0,False,DEMONSTRATION_ONLY
TYPICAL,LOOP_C,Chilled recovery loop,7,1.75,PSY_C,Cold-tolerant organism C,0.3612599231764969,-0.4421802147638201,5.0,7.2,0.997,0.5,2.4273311649383444,2.377722395926171,2.377722395926171,1.5,False,False,25.0,False,DEMONSTRATION_ONLY
TYPICAL,LOOP_C,Chilled recovery loop,8,2.0,IND_A,Indicator organism A,5.132686713661604,0.7103447568225643,5.0,7.2,0.997,0.5,2.377722395926171,2.328974228147766,2.328974228147766,1.5,False,False,250.0,False,DEMONSTRATION_ONLY
TYPICAL,LOOP_C,Chilled recovery loop,8,2.0,MES_B,Mesophilic organism B,0.6563904359337718,-0.18283775554619594,5.0,7.2,0.997,0.5,2.377722395926171,2.328974228147766,2.328974228147766,1.5,False,False,50.0,False,DEMONSTRATION_ONLY
TYPICAL,LOOP_C,Chilled recovery loop,8,2.0,PSY_C,Cold-tolerant organism C,0.3476956784496564,-0.458800707180219,5.0,7.2,0.997,0.5,2.377722395926171,2.328974228147766,2.328974228147766,1.5,False,False,25.0,False,DEMONSTRATION_ONLY
TYPICAL,LOOP_C,Chilled recovery loop,9,2.25,IND_A,Indicator organism A,4.899270749848784,0.690131440663959,5.0,7.2,0.997,0.5,2.328974228147766,2.2810717320957408,2.2810717320957408,1.5,False,False,250.0,False,DEMONSTRATION_ONLY
TYPICAL,LOOP_C,Chilled recovery loop,9,2.25,MES_B,Mesophilic organism B,0.6278851320280724,-0.2021198006725233,5.0,7.2,0.997,0.5,2.328974228147766,2.2810717320957408,2.2810717320957408,1.5,False,False,50.0,False,DEMONSTRATION_ONLY
TYPICAL,LOOP_C,Chilled recovery loop,9,2.25,PSY_C,Cold-tolerant organism C,0.3347636786477079,-0.47526166841647527,5.0,7.2,0.997,0.5,2.328974228147766,2.2810717320957408,2.2810717320957408,1.5,False,False,25.0,False,DEMONSTRATION_ONLY
TYPICAL,LOOP_C,Chilled recovery loop,10,2.5,IND_A,Indicator organism A,4.678918128306897,0.6701454459753348,5.0,7.2,0.997,0.5,2.2810717320957408,2.234000237256281,2.234000237256281,1.5,False,False,250.0,False,DEMONSTRATION_ONLY
TYPICAL,LOOP_C,Chilled recovery loop,10,2.5,MES_B,Mesophilic organism B,0.6008894179205064,-0.22120544414651827,5.0,7.2,0.997,0.5,2.2810717320957408,2.234000237256281,2.234000237256281,1.5,False,False,50.0,False,DEMONSTRATION_ONLY
TYPICAL,LOOP_C,Chilled recovery loop,10,2.5,PSY_C,Cold-tolerant organism C,0.3224294555998809,-0.4915652900054537,5.0,7.2,0.997,0.5,2.2810717320957408,2.234000237256281,2.234000237256281,1.5,False,False,25.0,False,DEMONSTRATION_ONLY
TYPICAL,LOOP_C,Chilled recovery loop,11,2.75,IND_A,Indicator organism A,4.470780925174917,0.650383389322585,5.0,7.2,0.997,0.5,2.234000237256281,2.1877453276161885,2.1877453276161885,1.5,False,False,250.0,False,DEMONSTRATION_ONLY
TYPICAL,LOOP_C,Chilled recovery loop,11,2.75,MES_B,Mesophilic organism B,0.5753110602686233,-0.24009727664813404,5.0,7.2,0.997,0.5,2.234000237256281,2.1877453276161885,2.1877453276161885,1.5,False,False,50.0,False,DEMONSTRATION_ONLY
TYPICAL,LOOP_C,Chilled recovery loop,11,2.75,PSY_C,Cold-tolerant organism C,0.3106606787174996,-0.5077137132616366,5.0,7.2,0.997,0.5,2.234000237256281,2.1877453276161885,2.1877453276161885,1.5,False,False,25.0,False,DEMONSTRATION_ONLY
TYPICAL,LOOP_C,Chilled recovery loop,12,3.0,IND_A,Indicator organism A,4.274073243481748,0.6308419602631008,5.0,7.2,0.997,0.5,2.1877453276161885,2.1422928372478656,2.1422928372478656,1.5,False,False,250.0,False,DEMONSTRATION_ONLY
TYPICAL,LOOP_C,Chilled recovery loop,12,3.0,MES_B,Mesophilic organism B,0.5510641734044045,-0.258797823049186,5.0,7.2,0.997,0.5,2.1877453276161885,2.1422928372478656,2.1422928372478656,1.5,False,False,50.0,False,DEMONSTRATION_ONLY
TYPICAL,LOOP_C,Chilled recovery loop,12,3.0,PSY_C,Cold-tolerant organism C,0.2994270074892064,-0.5237090300632883,5.0,7.2,0.997,0.5,2.1877453276161885,2.1422928372478656,2.1422928372478656,1.5,False,False,25.0,False,DEMONSTRATION_ONLY
TYPICAL,LOOP_C,Chilled recovery loop,13,3.25,IND_A,Indicator organism A,4.088066202608779,0.6115179201978103,5.0,7.2,0.997,0.5,2.1422928372478656,2.0976288459708883,2.0976288459708883,1.5,False,False,250.0,False,DEMONSTRATION_ONLY
TYPICAL,LOOP_C,Chilled recovery loop,13,3.25,MES_B,Mesophilic organism B,0.5280687366597628,-0.2773095433580462,5.0,7.2,0.997,0.5,2.1422928372478656,2.0976288459708883,2.0976288459708883,1.5,False,False,50.0,False,DEMONSTRATION_ONLY
TYPICAL,LOOP_C,Chilled recovery loop,13,3.25,PSY_C,Cold-tolerant organism C,0.2886999551250612,-0.5395532836251327,5.0,7.2,0.997,0.5,2.1422928372478656,2.0976288459708883,2.0976288459708883,1.5,False,False,25.0,False,DEMONSTRATION_ONLY
TYPICAL,LOOP_C,Chilled recovery loop,14,3.5,IND_A,Indicator organism A,3.912083368362609,0.5924081012367437,5.0,7.2,0.997,0.5,2.0976288459708883,2.053739675088841,2.053739675088841,1.5,False,False,250.0,False,DEMONSTRATION_ONLY
TYPICAL,LOOP_C,Chilled recovery loop,14,3.5,MES_B,Mesophilic organism B,0.5062501516773064,-0.29563483365854454,5.0,7.2,0.997,0.5,2.0976288459708883,2.053739675088841,2.053739675088841,1.5,False,False,50.0,False,DEMONSTRATION_ONLY
TYPICAL,LOOP_C,Chilled recovery loop,14,3.5,PSY_C,Cold-tolerant organism C,0.2784527624371391,-0.5552484692619034,5.0,7.2,0.997,0.5,2.0976288459708883,2.053739675088841,2.053739675088841,1.5,False,False,25.0,False,DEMONSTRATION_ONLY
TYPICAL,LOOP_C,Chilled recovery loop,15,3.75,IND_A,Indicator organism A,3.7454965819251957,0.5735094050776461,5.0,7.2,0.997,0.5,2.053739675088841,2.0106118832001107,2.0106118832001107,1.5,False,False,250.0,False,DEMONSTRATION_ONLY
TYPICAL,LOOP_C,Chilled recovery loop,15,3.75,MES_B,Mesophilic organism B,0.4855388361354126,-0.31377602704380647,5.0,7.2,0.997,0.5,2.053739675088841,2.0106118832001107,2.0106118832001107,1.5,False,False,50.0,False,DEMONSTRATION_ONLY
TYPICAL,LOOP_C,Chilled recovery loop,15,3.75,PSY_C,Cold-tolerant organism C,0.2686602811243713,-0.5707965351431307,5.0,7.2,0.997,0.5,2.053739675088841,2.0106118832001107,2.0106118832001107,1.5,False,False,25.0,False,DEMONSTRATION_ONLY
TYPICAL,LOOP_C,Chilled recovery loop,16,4.0,IND_A,Indicator organism A,3.5877221501711674,0.5548188018971635,5.0,7.2,0.997,0.5,2.0106118832001107,1.9682322620813517,1.9682322620813517,1.5,False,False,250.0,False,DEMONSTRATION_ONLY
TYPICAL,LOOP_C,Chilled recovery loop,16,4.0,MES_B,Mesophilic organism B,0.46586985065765285,-0.33173539454575307,5.0,7.2,0.997,0.5,2.0106118832001107,1.9682322620813517,1.9682322620813517,1.5,False,False,50.0,False,DEMONSTRATION_ONLY
TYPICAL,LOOP_C,Chilled recovery loop,16,4.0,PSY_C,Cold-tolerant organism C,0.25929886570199795,-0.5861993830395209,5.0,7.2,0.997,0.5,2.0106118832001107,1.9682322620813517,1.9682322620813517,1.5,False,False,25.0,False,DEMONSTRATION_ONLY
TYPICAL,LOOP_C,Chilled recovery loop,17,4.25,IND_A,Indicator organism A,3.4382173636111264,0.5363333292541297,5.0,7.2,0.997,0.5,1.9682322620813517,1.9265878326423644,1.9265878326423644,1.5,False,False,250.0,False,DEMONSTRATION_ONLY
TYPICAL,LOOP_C,Chilled recovery loop,17,4.25,MES_B,Mesophilic organism B,0.4471825559830053,-0.3495151460609958,5.0,7.2,0.997,0.5,1.9682322620813517,1.9265878326423644,1.9265878326423644,1.5,False,False,50.0,False,DEMONSTRATION_ONLY
TYPICAL,LOOP_C,Chilled recovery loop,17,4.25,PSY_C,Cold-tolerant organism C,0.25034627338187715,-0.6014588690612888,5.0,7.2,0.997,0.5,1.9682322620813517,1.9265878326423644,1.9265878326423644,1.5,False,False,25.0,False,DEMONSTRATION_ONLY
TYPICAL,LOOP_C,Chilled recovery loop,18,4.5,IND_A,Indicator organism A,3.2964773115869486,0.5180500910044902,5.0,7.2,0.997,0.5,1.9265878326423644,1.8856658409511473,1.8856658409511473,1.5,False,False,250.0,False,DEMONSTRATION_ONLY
TYPICAL,LOOP_C,Chilled recovery loop,18,4.5,MES_B,Mesophilic organism B,0.42942029774881885,-0.3671174312738589,5.0,7.2,0.997,0.5,1.9265878326423644,1.8856658409511473,1.8856658409511473,1.5,False,False,50.0,False,DEMONSTRATION_ONLY
TYPICAL,LOOP_C,Chilled recovery loop,18,4.5,PSY_C,Cold-tolerant organism C,0.2417815712696749,-0.6165768043887971,5.0,7.2,0.997,0.5,1.9265878326423644,1.8856658409511473,1.8856658409511473,1.5,False,False,25.0,False,DEMONSTRATION_ONLY
TYPICAL,LOOP_C,Chilled recovery loop,19,4.75,IND_A,Indicator organism A,3.162031967355401,0.4999662562273962,5.0,7.2,0.997,0.5,1.8856658409511473,1.8454537543279053,1.8454537543279053,1.5,False,False,250.0,False,DEMONSTRATION_ONLY
TYPICAL,LOOP_C,Chilled recovery loop,19,4.75,MES_B,Mesophilic organism B,0.4125301164864216,-0.3845443405772602,5.0,7.2,0.997,0.5,1.8856658409511473,1.8454537543279053,1.8454537543279053,1.5,False,False,50.0,False,DEMONSTRATION_ONLY
TYPICAL,LOOP_C,Chilled recovery loop,19,4.75,PSY_C,Cold-tolerant organism C,0.23358505029925425,-0.6315549559958601,5.0,7.2,0.997,0.5,1.8856658409511473,1.8454537543279053,1.8454537543279053,1.5,False,False,25.0,False,DEMONSTRATION_ONLY
TYPICAL,LOOP_C,Chilled recovery loop,20,5.0,IND_A,Indicator organism A,3.034443518390003,0.4820790581620138,5.0,7.2,0.997,0.5,1.8454537543279053,1.8059392575068187,1.8059392575068187,1.5,False,False,250.0,False,DEMONSTRATION_ONLY
TYPICAL,LOOP_C,Chilled recovery loop,20,5.0,MES_B,Mesophilic organism B,0.39646248065252715,-0.40179790599218485,5.0,7.2,0.997,0.5,1.8454537543279053,1.8059392575068187,1.8059392575068187,1.5,False,False,50.0,False,DEMONSTRATION_ONLY
TYPICAL,LOOP_C,Chilled recovery loop,20,5.0,PSY_C,Cold-tolerant organism C,0.22573814537391693,-0.64639504736606,5.0,7.2,0.997,0.5,1.8454537543279053,1.8059392575068187,1.8059392575068187,1.5,False,False,25.0,False,DEMONSTRATION_ONLY
TYPICAL,LOOP_C,Chilled recovery loop,21,5.25,IND_A,Indicator organism A,2.9133039196429675,0.4643857931545904,5.0,7.2,0.997,0.5,1.8059392575068187,1.7671102488643977,1.7671102488643977,1.5,False,False,250.0,False,DEMONSTRATION_ONLY
TYPICAL,LOOP_C,Chilled recovery loop,21,5.25,MES_B,Mesophilic organism B,0.38117104072077507,-0.41888010208647963,5.0,7.2,0.997,0.5,1.8059392575068187,1.7671102488643977,1.7671102488643977,1.5,False,False,50.0,False,DEMONSTRATION_ONLY
TYPICAL,LOOP_C,Chilled recovery loop,21,5.25,PSY_C,Cold-tolerant organism C,0.21822336122900643,-0.6610987592024303,5.0,7.2,0.997,0.5,1.8059392575068187,1.7671102488643977,1.7671102488643977,1.5,False,False,25.0,False,DEMONSTRATION_ONLY
TYPICAL,LOOP_C,Chilled recovery loop,22,5.5,IND_A,Indicator organism A,2.7982326496704966,0.4468838196153315,5.0,7.2,0.997,0.5,1.7671102488643977,1.7289548367132643,1.7289548367132643,1.5,False,False,250.0,False,DEMONSTRATION_ONLY
TYPICAL,LOOP_C,Chilled recovery loop,22,5.5,MES_B,Mesophilic organism B,0.36661240253915783,-0.43579284689369757,5.0,7.2,0.997,0.5,1.7671102488643977,1.7289548367132643,1.7289548367132643,1.5,False,False,50.0,False,DEMONSTRATION_ONLY
TYPICAL,LOOP_C,Chilled recovery loop,22,5.5,PSY_C,Cold-tolerant organism C,0.21102420357119211,-0.6756677301308507,5.0,7.2,0.997,0.5,1.7671102488643977,1.7289548367132643,1.7289548367132643,1.5,False,False,25.0,False,DEMONSTRATION_ONLY
TYPICAL,LOOP_C,Chilled recovery loop,23,5.75,IND_A,Indicator organism A,2.688874651463099,0.4295705569846418,5.0,7.2,0.997,0.5,1.7289548367132643,1.6914613356602308,1.6914613356602308,1.5,False,False,250.0,False,DEMONSTRATION_ONLY
TYPICAL,LOOP_C,Chilled recovery loop,23,5.75,MES_B,Mesophilic organism B,0.35274591832278496,-0.4525380028327135,5.0,7.2,0.997,0.5,1.7289548367132643,1.6914613356602308,1.6914613356602308,1.5,False,False,50.0,False,DEMONSTRATION_ONLY
TYPICAL,LOOP_C,Chilled recovery loop,23,5.75,PSY_C,Cold-tolerant organism C,0.20412511508690492,-0.6901035573974987,5.0,7.2,0.997,0.5,1.7289548367132643,1.6914613356602308,1.6914613356602308,1.5,False,False,25.0,False,DEMONSTRATION_ONLY
TYPICAL,LOOP_C,Chilled recovery loop,24,6.0,IND_A,Indicator organism A,2.5848984415623,0.4124434847082897,5.0,7.2,0.997,0.5,1.6914613356602308,1.6546182630275565,1.6546182630275565,1.5,False,False,250.0,False,DEMONSTRATION_ONLY
TYPICAL,LOOP_C,Chilled recovery loop,24,6.0,MES_B,Mesophilic organism B,0.3395334937992501,-0.4691173776288285,5.0,7.2,0.997,0.5,1.6914613356602308,1.6546182630275565,1.6546182630275565,1.5,False,False,50.0,False,DEMONSTRATION_ONLY
TYPICAL,LOOP_C,Chilled recovery loop,24,6.0,PSY_C,Cold-tolerant organism C,0.19751141594623312,-0.7044077975607014,5.0,7.2,0.997,0.5,1.6914613356602308,1.6546182630275565,1.6546182630275565,1.5,False,False,25.0,False,DEMONSTRATION_ONLY
TYPICAL,LOOP_C,Chilled recovery loop,25,6.25,IND_A,Indicator organism A,2.485994372607624,0.3955001412210634,5.0,7.2,0.997,0.5,1.6546182630275565,1.6184143353362885,1.6184143353362885,1.5,False,False,250.0,False,DEMONSTRATION_ONLY
TYPICAL,LOOP_C,Chilled recovery loop,25,6.25,MES_B,Mesophilic organism B,0.3269394101574265,-0.48553272523707147,5.0,7.2,0.997,0.5,1.6546182630275565,1.6184143353362885,1.6184143353362885,1.5,False,False,50.0,False,DEMONSTRATION_ONLY
TYPICAL,LOOP_C,Chilled recovery loop,25,6.25,PSY_C,Cold-tolerant organism C,0.19116924845942737,-0.718581967177522,5.0,7.2,0.997,0.5,1.6546182630275565,1.6184143353362885,1.6184143353362885,1.5,False,False,25.0,False,DEMONSTRATION_ONLY
TYPICAL,LOOP_C,Chilled recovery loop,26,6.5,IND_A,Indicator organism A,2.391873035862138,0.3787381229384892,5.0,7.2,0.997,0.5,1.6184143353362885,1.5828384648506073,2.8,1.5,False,True,250.0,False,DEMONSTRATION_ONLY
TYPICAL,LOOP_C,Chilled recovery loop,26,6.5,MES_B,Mesophilic organism B,0.3149301595712736,-0.5017857467683996,5.0,7.2,0.997,0.5,1.6184143353362885,1.5828384648506073,2.8,1.5,False,True,50.0,False,DEMONSTRATION_ONLY
TYPICAL,LOOP_C,Chilled recovery loop,26,6.5,PSY_C,Cold-tolerant organism C,0.18508552557128793,-0.7326275434854187,5.0,7.2,0.997,0.5,1.6184143353362885,1.5828384648506073,2.8,1.5,False,True,25.0,False,DEMONSTRATION_ONLY
TYPICAL,LOOP_C,Chilled recovery loop,27,6.75,IND_A,Indicator organism A,2.2732983234161748,0.3566564316387611,5.0,7.2,0.997,0.5,2.8,2.743926259862205,2.743926259862205,1.5,False,False,250.0,False,DEMONSTRATION_ONLY
TYPICAL,LOOP_C,Chilled recovery loop,27,6.75,MES_B,Mesophilic organism B,0.30029100612844906,-0.5224576749514622,5.0,7.2,0.997,0.5,2.8,2.743926259862205,2.743926259862205,1.5,False,False,50.0,False,DEMONSTRATION_ONLY
TYPICAL,LOOP_C,Chilled recovery loop,27,6.75,PSY_C,Cold-tolerant organism C,0.1777417742878954,-0.7502104888487648,5.0,7.2,0.997,0.5,2.8,2.743926259862205,2.743926259862205,1.5,False,False,25.0,False,DEMONSTRATION_ONLY
TYPICAL,LOOP_C,Chilled recovery loop,28,7.0,IND_A,Indicator organism A,2.1619891428314366,0.3348535086643611,5.0,7.2,0.997,0.5,2.743926259862205,2.688825273753699,2.688825273753699,1.5,False,False,250.0,False,DEMONSTRATION_ONLY
TYPICAL,LOOP_C,Chilled recovery loop,28,7.0,MES_B,Mesophilic organism B,0.286495177092896,-0.5428826846200536,5.0,7.2,0.997,0.5,2.743926259862205,2.688825273753699,2.688825273753699,1.5,False,False,50.0,False,DEMONSTRATION_ONLY
TYPICAL,LOOP_C,Chilled recovery loop,28,7.0,PSY_C,Cold-tolerant organism C,0.17076608197854973,-0.7675983858270664,5.0,7.2,0.997,0.5,2.743926259862205,2.688825273753699,2.688825273753699,1.5,False,False,25.0,False,DEMONSTRATION_ONLY
TYPICAL,LOOP_C,Chilled recovery loop,29,7.25,IND_A,Indicator organism A,2.057433984965671,0.31332590929131565,5.0,7.2,0.997,0.5,2.688825273753699,2.6346801665668247,2.6346801665668247,1.5,False,False,250.0,False,DEMONSTRATION_ONLY
TYPICAL,LOOP_C,Chilled recovery loop,29,7.25,MES_B,Mesophilic organism B,0.2734870820802893,-0.5630631823606853,5.0,7.2,0.997,0.5,2.688825273753699,2.6346801665668247,2.6346801665668247,1.5,False,False,50.0,False,DEMONSTRATION_ONLY
TYPICAL,LOOP_C,Chilled recovery loop,29,7.25,PSY_C,Cold-tolerant organism C,0.1641370371199397,-0.784793410403905,5.0,7.2,0.997,0.5,2.688825273753699,2.6346801665668247,2.6346801665668247,1.5,False,False,25.0,False,DEMONSTRATION_ONLY
TYPICAL,LOOP_C,Chilled recovery loop,30,7.5,IND_A,Indicator organism A,1.9591617092749678,0.2920702841557067,5.0,7.2,0.997,0.5,2.6346801665668247,2.581474355939318,2.581474355939318,1.5,False,False,250.0,False,DEMONSTRATION_ONLY
TYPICAL,LOOP_C,Chilled recovery loop,30,7.5,MES_B,Mesophilic organism B,0.2612152398571985,-0.5830014889865069,5.0,7.2,0.997,0.5,2.6346801665668247,2.581474355939318,2.581474355939318,1.5,False,False,50.0,False,DEMONSTRATION_ONLY
TYPICAL,LOOP_C,Chilled recovery loop,30,7.5,PSY_C,Cold-tolerant organism C,0.1578346393462595,-0.8017976777677378,5.0,7.2,0.997,0.5,2.6346801665668247,2.581474355939318,2.581474355939318,1.5,False,False,25.0,False,DEMONSTRATION_ONLY
TYPICAL,LOOP_C,Chilled recovery loop,31,7.75,IND_A,Indicator organism A,1.8667380399803661,0.27108337752424144,5.0,7.2,0.997,0.5,2.581474355939318,2.529191547175826,2.529191547175826,1.5,False,False,250.0,False,DEMONSTRATION_ONLY
TYPICAL,LOOP_C,Chilled recovery loop,31,7.75,MES_B,Mesophilic organism B,0.24963194392499866,-0.6026998413345978,5.0,7.2,0.997,0.5,2.581474355939318,2.529191547175826,2.529191547175826,1.5,False,False,50.0,False,DEMONSTRATION_ONLY
TYPICAL,LOOP_C,Chilled recovery loop,31,7.75,PSY_C,Cold-tolerant organism C,0.15184019627756307,-0.8186132435218441,5.0,7.2,0.997,0.5,2.581474355939318,2.529191547175826,2.529191547175826,1.5,False,False,25.0,False,DEMONSTRATION_ONLY
TYPICAL,LOOP_C,Chilled recovery loop,32,8.0,IND_A,Indicator organism A,1.7797623922063115,0.250362025543908,5.0,7.2,0.997,0.5,2.529191547175826,2.477815728257531,2.477815728257531,1.5,False,False,250.0,False,DEMONSTRATION_ONLY
TYPICAL,LOOP_C,Chilled recovery loop,32,8.0,MES_B,Mesophilic organism B,0.23869295766774773,-0.6221603941107747,5.0,7.2,0.997,0.5,2.529191547175826,2.477815728257531,2.477815728257531,1.5,False,False,50.0,False,DEMONSTRATION_ONLY
TYPICAL,LOOP_C,Chilled recovery loop,32,8.0,PSY_C,Cold-tolerant organism C,0.14613622858963057,-0.8352421048999801,5.0,7.2,0.997,0.5,2.529191547175826,2.477815728257531,2.477815728257531,1.5,False,False,25.0,False,DEMONSTRATION_ONLY
TYPICAL,LOOP_C,Chilled recovery loop,33,8.25,IND_A,Indicator organism A,1.6978649947118756,0.22990315446938586,5.0,7.2,0.997,0.5,2.477815728257531,2.4273311649383444,2.4273311649383444,1.5,False,False,250.0,False,DEMONSTRATION_ONLY
TYPICAL,LOOP_C,Chilled recovery loop,33,8.25,MES_B,Mesophilic organism B,0.22835723625333393,-0.6413852217837194,5.0,7.2,0.997,0.5,2.477815728257531,2.4273311649383444,2.4273311649383444,1.5,False,False,50.0,False,DEMONSTRATION_ONLY
TYPICAL,LOOP_C,Chilled recovery loop,33,8.25,PSY_C,Cold-tolerant organism C,0.14070638261402144,-0.8516862019882855,5.0,7.2,0.997,0.5,2.477815728257531,2.4273311649383444,2.4273311649383444,1.5,False,False,25.0,False,DEMONSTRATION_ONLY
TYPICAL,LOOP_C,Chilled recovery loop,34,8.5,IND_A,Indicator organism A,1.6207042794342377,0.20970377886695615,5.0,7.2,0.997,0.5,2.4273311649383444,2.377722395926171,2.377722395926171,1.5,False,False,250.0,False,DEMONSTRATION_ONLY
TYPICAL,LOOP_C,Chilled recovery loop,34,8.5,MES_B,Mesophilic organism B,0.21858667276231494,-0.660376320530084,5.0,7.2,0.997,0.5,2.4273311649383444,2.377722395926171,2.377722395926171,1.5,False,False,50.0,False,DEMONSTRATION_ONLY
TYPICAL,LOOP_C,Chilled recovery loop,34,8.5,PSY_C,Cold-tolerant organism C,0.13553534982275237,-0.8679474189539478,5.0,7.2,0.997,0.5,2.4273311649383444,2.377722395926171,2.377722395926171,1.5,False,False,25.0,False,DEMONSTRATION_ONLY
TYPICAL,LOOP_C,Chilled recovery loop,35,8.75,IND_A,Indicator organism A,1.5479645112516331,0.18976099979373498,5.0,7.2,0.997,0.5,2.377722395926171,2.328974228147766,2.328974228147766,1.5,False,False,250.0,False,DEMONSTRATION_ONLY
TYPICAL,LOOP_C,Chilled recovery loop,35,8.75,MES_B,Mesophilic organism B,0.20934586627332444,-0.6791356102320737,5.0,7.2,0.997,0.5,2.377722395926171,2.328974228147766,2.328974228147766,1.5,False,False,50.0,False,DEMONSTRATION_ONLY
TYPICAL,LOOP_C,Chilled recovery loop,35,8.75,PSY_C,Cold-tolerant organism C,0.13060879261133757,-0.884027585281093,5.0,7.2,0.997,0.5,2.377722395926171,2.328974228147766,2.328974228147766,1.5,False,False,25.0,False,DEMONSTRATION_ONLY
TYPICAL,LOOP_C,Chilled recovery loop,36,9.0,IND_A,Indicator organism A,1.479353634199221,0.1700720029511392,5.0,7.2,0.997,0.5,2.328974228147766,2.2810717320957408,2.2810717320957408,1.5,False,False,250.0,False,DEMONSTRATION_ONLY
TYPICAL,LOOP_C,Chilled recovery loop,36,9.0,MES_B,Mesophilic organism B,0.20060190986118856,-0.6976649365288262,5.0,7.2,0.997,0.5,2.328974228147766,2.2810717320957408,2.2810717320957408,1.5,False,False,50.0,False,DEMONSTRATION_ONLY
TYPICAL,LOOP_C,Chilled recovery loop,36,9.0,PSY_C,Cold-tolerant organism C,0.12591327584742756,-0.8999284770143289,5.0,7.2,0.997,0.5,2.328974228147766,2.2810717320957408,2.2810717320957408,1.5,False,False,25.0,False,DEMONSTRATION_ONLY
TYPICAL,LOOP_C,Chilled recovery loop,37,9.25,IND_A,Indicator organism A,1.414601312879323,0.15063405681159212,5.0,7.2,0.997,0.5,2.2810717320957408,2.234000237256281,2.234000237256281,1.5,False,False,250.0,False,DEMONSTRATION_ONLY
TYPICAL,LOOP_C,Chilled recovery loop,37,9.25,MES_B,Mesophilic organism B,0.19232419666704026,-0.7159660729227131,5.0,7.2,0.997,0.5,2.2810717320957408,2.234000237256281,2.234000237256281,1.5,False,False,50.0,False,DEMONSTRATION_ONLY
TYPICAL,LOOP_C,Chilled recovery loop,37,9.25,PSY_C,Cold-tolerant organism C,0.12143620370058986,-0.9156518180103205,5.0,7.2,0.997,0.5,2.2810717320957408,2.234000237256281,2.234000237256281,1.5,False,False,25.0,False,DEMONSTRATION_ONLY
TYPICAL,LOOP_C,Chilled recovery loop,38,9.5,IND_A,Indicator organism A,1.3534571500349815,0.13144451071757857,5.0,7.2,0.997,0.5,2.234000237256281,2.1877453276161885,2.1877453276161885,1.5,False,False,250.0,False,DEMONSTRATION_ONLY
TYPICAL,LOOP_C,Chilled recovery loop,38,9.5,MES_B,Mesophilic organism B,0.18448424238144323,-0.7340407229414705,5.0,7.2,0.997,0.5,2.234000237256281,2.1877453276161885,2.1877453276161885,1.5,False,False,50.0,False,DEMONSTRATION_ONLY
TYPICAL,LOOP_C,Chilled recovery loop,38,9.5,PSY_C,Cold-tolerant organism C,0.1171657613124182,-0.931199281197732,5.0,7.2,0.997,0.5,2.234000237256281,2.1877453276161885,2.1877453276161885,1.5,False,False,25.0,False,DEMONSTRATION_ONLY
TYPICAL,LOOP_C,Chilled recovery loop,39,9.75,IND_A,Indicator organism A,1.2956890632358884,0.11250079295227351,5.0,7.2,0.997,0.5,2.1877453276161885,2.1422928372478656,2.1422928372478656,1.5,False,False,250.0,False,DEMONSTRATION_ONLY
TYPICAL,LOOP_C,Chilled recovery loop,39,9.75,MES_B,Mesophilic organism B,0.177055522644224,-0.7518905223568398,5.0,7.2,0.997,0.5,2.1877453276161885,2.1422928372478656,2.1422928372478656,1.5,False,False,50.0,False,DEMONSTRATION_ONLY
TYPICAL,LOOP_C,Chilled recovery loop,39,9.75,PSY_C,Cold-tolerant organism C,0.11309086090561395,-0.9465724898458164,5.0,7.2,0.997,0.5,2.1877453276161885,2.1422928372478656,2.1422928372478656,1.5,False,False,25.0,False,DEMONSTRATION_ONLY
TYPICAL,LOOP_C,Chilled recovery loop,40,10.0,IND_A,Indicator organism A,1.2410818053873798,0.09380040878108993,5.0,7.2,0.997,0.5,2.1422928372478656,2.0976288459708883,2.0976288459708883,1.5,False,False,250.0,False,DEMONSTRATION_ONLY
TYPICAL,LOOP_C,Chilled recovery loop,40,10.0,MES_B,Mesophilic organism B,0.17001332401046587,-0.7695170414601415,5.0,7.2,0.997,0.5,2.1422928372478656,2.0976288459708883,2.0976288459708883,1.5,False,False,50.0,False,DEMONSTRATION_ONLY
TYPICAL,LOOP_C,Chilled recovery loop,40,10.0,PSY_C,Cold-tolerant organism C,0.10920109196638104,-0.9617730188418803,5.0,7.2,0.997,0.5,2.1422928372478656,2.0976288459708883,2.0976288459708883,1.5,False,False,25.0,False,DEMONSTRATION_ONLY
TYPICAL,LOOP_C,Chilled recovery loop,41,10.25,IND_A,Indicator organism A,1.1894356153418348,0.07534093846362423,5.0,7.2,0.997,0.5,2.0976288459708883,2.053739675088841,2.053739675088841,1.5,False,False,250.0,False,DEMONSTRATION_ONLY
TYPICAL,LOOP_C,Chilled recovery loop,41,10.25,MES_B,Mesophilic organism B,0.16333460726280083,-0.7869217873949417,5.0,7.2,0.997,0.5,2.0976288459708883,2.053739675088841,2.053739675088841,1.5,False,False,50.0,False,DEMONSTRATION_ONLY
TYPICAL,LOOP_C,Chilled recovery loop,41,10.25,PSY_C,Cold-tolerant organism C,0.10548667516679056,-0.9768023959777935,5.0,7.2,0.997,0.5,2.0976288459708883,2.053739675088841,2.053739675088841,1.5,False,False,25.0,False,DEMONSTRATION_ONLY
TYPICAL,LOOP_C,Chilled recovery loop,42,10.5,IND_A,Indicator organism A,1.1405649862897262,0.0571200352356152,5.0,7.2,0.997,0.5,2.053739675088841,2.0106118832001107,2.0106118832001107,1.5,False,False,250.0,False,DEMONSTRATION_ONLY
TYPICAL,LOOP_C,Chilled recovery loop,42,10.5,MES_B,Mesophilic organism B,0.15699788196739237,-0.8041062065466817,5.0,7.2,0.997,0.5,2.053739675088841,2.0106118832001107,2.0106118832001107,1.5,False,False,50.0,False,DEMONSTRATION_ONLY
TYPICAL,LOOP_C,Chilled recovery loop,42,10.5,PSY_C,Cold-tolerant organism C,0.10193841972304436,-0.9916621032456562,5.0,7.2,0.997,0.5,2.053739675088841,2.0106118832001107,2.0106118832001107,1.5,False,False,25.0,False,DEMONSTRATION_ONLY
TYPICAL,LOOP_C,Chilled recovery loop,43,10.75,IND_A,Indicator organism A,1.0942975408543876,0.03913542326068641,5.0,7.2,0.997,0.5,2.0106118832001107,1.9682322620813517,1.9682322620813517,1.5,False,False,250.0,False,DEMONSTRATION_ONLY
TYPICAL,LOOP_C,Chilled recovery loop,43,10.75,MES_B,Mesophilic organism B,0.1509830912762889,-0.8210716869888388,5.0,7.2,0.997,0.5,2.0106118832001107,1.9682322620813517,1.9682322620813517,1.5,False,False,50.0,False,DEMONSTRATION_ONLY
TYPICAL,LOOP_C,Chilled recovery loop,43,10.75,PSY_C,Cold-tolerant organism C,0.09854768391210184,-1.0063535781426678,5.0,7.2,0.997,0.5,2.0106118832001107,1.9682322620813517,1.9682322620813517,1.5,False,False,25.0,False,DEMONSTRATION_ONLY
TYPICAL,LOOP_C,Chilled recovery loop,44,11.0,IND_A,Indicator organism A,1.0504730029274887,0.021384895551795676,5.0,7.2,0.997,0.5,1.9682322620813517,1.9265878326423644,1.9265878326423644,1.5,False,False,250.0,False,DEMONSTRATION_ONLY
TYPICAL,LOOP_C,Chilled recovery loop,44,11.0,MES_B,Mesophilic organism B,0.1452715060734366,-0.8378195609848623,5.0,7.2,0.997,0.5,1.9682322620813517,1.9265878326423644,1.9265878326423644,1.5,False,False,50.0,False,DEMONSTRATION_ONLY
TYPICAL,LOOP_C,Chilled recovery loop,44,11.0,PSY_C,Cold-tolerant organism C,0.09530633849320021,-1.0208782149851812,5.0,7.2,0.997,0.5,1.9682322620813517,1.9265878326423644,1.9265878326423644,1.5,False,False,25.0,False,DEMONSTRATION_ONLY
TYPICAL,LOOP_C,Chilled recovery loop,45,11.25,IND_A,Indicator organism A,1.0089422572764526,0.0038663118624871476,5.0,7.2,0.997,0.5,1.9265878326423644,1.8856658409511473,1.8856658409511473,1.5,False,False,250.0,False,DEMONSTRATION_ONLY
TYPICAL,LOOP_C,Chilled recovery loop,45,11.25,MES_B,Mesophilic organism B,0.13984562764671205,-0.8543511075447994,5.0,7.2,0.997,0.5,1.9265878326423644,1.8856658409511473,1.8856658409511473,1.5,False,False,50.0,False,DEMONSTRATION_ONLY
TYPICAL,LOOP_C,Chilled recovery loop,45,11.25,PSY_C,Cold-tolerant organism C,0.0922067328026415,-1.035237366231853,5.0,7.2,0.997,0.5,1.9265878326423644,1.8856658409511473,1.8856658409511473,1.5,False,False,25.0,False,DEMONSTRATION_ONLY
TYPICAL,LOOP_C,Chilled recovery loop,46,11.5,IND_A,Indicator organism A,0.969566488843938,-0.013422403451785686,5.0,7.2,0.997,0.5,1.8856658409511473,1.8454537543279053,1.8454537543279053,1.5,False,False,250.0,False,DEMONSTRATION_ONLY
TYPICAL,LOOP_C,Chilled recovery loop,46,11.5,MES_B,Mesophilic organism B,0.13468909814489102,-0.870667555035167,5.0,7.2,0.997,0.5,1.8856658409511473,1.8454537543279053,1.8454537543279053,1.5,False,False,50.0,False,DEMONSTRATION_ONLY
TYPICAL,LOOP_C,Chilled recovery loop,46,11.5,PSY_C,Cold-tolerant organism C,0.08924166331005506,-1.0494323438157354,5.0,7.2,0.997,0.5,1.8856658409511473,1.8454537543279053,1.8454537543279053,1.5,False,False,25.0,False,DEMONSTRATION_ONLY
TYPICAL,LOOP_C,Chilled recovery loop,47,11.75,IND_A,Indicator organism A,0.932216394454861,-0.030483263601811916,5.0,7.2,0.997,0.5,1.8454537543279053,1.8059392575068187,1.8059392575068187,1.5,False,False,250.0,False,DEMONSTRATION_ONLY
TYPICAL,LOOP_C,Chilled recovery loop,47,11.75,MES_B,Mesophilic organism B,0.1297866181474047,-0.8867700838402712,5.0,7.2,0.997,0.5,1.8454537543279053,1.8059392575068187,1.8059392575068187,1.5,False,False,50.0,False,DEMONSTRATION_ONLY
TYPICAL,LOOP_C,Chilled recovery loop,47,11.75,PSY_C,Cold-tolerant organism C,0.08640434444236951,-1.0634644204850703,5.0,7.2,0.997,0.5,1.8454537543279053,1.8059392575068187,1.8059392575068187,1.5,False,False,25.0,False,DEMONSTRATION_ONLY
TYPICAL,LOOP_C,Chilled recovery loop,48,12.0,IND_A,Indicator organism A,0.932216394454861,-0.030483263601811916,5.0,7.2,0.997,0.5,1.8059392575068187,1.8059392575068187,1.8059392575068187,1.5,False,False,250.0,False,DEMONSTRATION_ONLY
TYPICAL,LOOP_C,Chilled recovery loop,48,12.0,MES_B,Mesophilic organism B,0.1297866181474047,-0.8867700838402712,5.0,7.2,0.997,0.5,1.8059392575068187,1.8059392575068187,1.8059392575068187,1.5,False,False,50.0,False,DEMONSTRATION_ONLY
TYPICAL,LOOP_C,Chilled recovery loop,48,12.0,PSY_C,Cold-tolerant organism C,0.08640434444236951,-1.0634644204850703,5.0,7.2,0.997,0.5,1.8059392575068187,1.8059392575068187,1.8059392575068187,1.5,False,False,25.0,False,DEMONSTRATION_ONLY
WORST,LOOP_A,Conditioning loop,0,0.0,IND_A,Indicator organism A,7.812325513139648,0.8927803305726935,14.0,7.1,0.997,0.7,2.8,2.6902018976203195,2.6902018976203195,1.5,False,False,250.0,False,DEMONSTRATION_ONLY
WORST,LOOP_A,Conditioning loop,0,0.0,MES_B,Mesophilic organism B,0.9552274803269281,-0.019893192095489908,14.0,7.1,0.997,0.7,2.8,2.6902018976203195,2.6902018976203195,1.5,False,False,50.0,False,DEMONSTRATION_ONLY
WORST,LOOP_A,Conditioning loop,0,0.0,PSY_C,Cold-tolerant organism C,0.480241362705616,-0.3185404373210776,14.0,7.1,0.997,0.7,2.8,2.6902018976203195,2.6902018976203195,1.5,False,False,25.0,False,DEMONSTRATION_ONLY
WORST,LOOP_A,Conditioning loop,1,0.25,IND_A,Indicator organism A,7.638991387066191,0.8830360203625751,14.0,7.1,0.997,0.7,2.6902018976203195,2.5840476453508257,2.5840476453508257,1.5,False,False,250.0,False,DEMONSTRATION_ONLY
WORST,LOOP_A,Conditioning loop,1,0.25,MES_B,Mesophilic organism B,0.9134642952001272,-0.03930842335316145,14.0,7.1,0.997,0.7,2.6902018976203195,2.5840476453508257,2.5840476453508257,1.5,False,False,50.0,False,DEMONSTRATION_ONLY
WORST,LOOP_A,Conditioning loop,1,0.25,PSY_C,Cold-tolerant organism C,0.461670278267586,-0.33566808386313374,14.0,7.1,0.997,0.7,2.6902018976203195,2.5840476453508257,2.5840476453508257,1.5,False,False,25.0,False,DEMONSTRATION_ONLY
WORST,LOOP_A,Conditioning loop,2,0.5,IND_A,Indicator organism A,7.478909676562774,0.8738382882431917,14.0,7.1,0.997,0.7,2.5840476453508257,2.481416315385502,2.481416315385502,1.5,False,False,250.0,False,DEMONSTRATION_ONLY
WORST,LOOP_A,Conditioning loop,2,0.5,MES_B,Mesophilic organism B,0.8814421334805277,-0.05480619378440072,14.0,7.1,0.997,0.7,2.5840476453508257,2.481416315385502,2.481416315385502,1.5,False,False,50.0,False,DEMONSTRATION_ONLY
WORST,LOOP_A,Conditioning loop,2,0.5,PSY_C,Cold-tolerant organism C,0.45256376057811604,-0.34432022548309044,14.0,7.1,0.997,0.7,2.5840476453508257,2.481416315385502,2.481416315385502,1.5,False,False,25.0,False,DEMONSTRATION_ONLY
WORST,LOOP_A,Conditioning loop,3,0.75,IND_A,Indicator organism A,7.331097271992201,0.8651689819408421,14.0,7.1,0.997,0.7,2.481416315385502,2.382190993127939,2.382190993127939,1.5,False,False,250.0,False,DEMONSTRATION_ONLY
WORST,LOOP_A,Conditioning loop,3,0.75,MES_B,Mesophilic organism B,0.8514161520228527,-0.06985811517854572,14.0,7.1,0.997,0.7,2.481416315385502,2.382190993127939,2.382190993127939,1.5,False,False,50.0,False,DEMONSTRATION_ONLY
WORST,LOOP_A,Conditioning loop,3,0.75,PSY_C,Cold-tolerant organism C,0.4439991175772623,-0.3526178930198543,14.0,7.1,0.997,0.7,2.481416315385502,2.382190993127939,2.382190993127939,1.5,False,False,25.0,False,DEMONSTRATION_ONLY
WORST,LOOP_A,Conditioning loop,4,1.0,IND_A,Indicator organism A,7.194664468861022,0.8570105449411434,14.0,7.1,0.997,0.7,2.382190993127939,2.2862586440056605,2.2862586440056605,1.5,False,False,250.0,False,DEMONSTRATION_ONLY
WORST,LOOP_A,Conditioning loop,4,1.0,MES_B,Mesophilic organism B,0.823230235051139,-0.08447868747456538,14.0,7.1,0.997,0.7,2.382190993127939,2.2862586440056605,2.2862586440056605,1.5,False,False,50.0,False,DEMONSTRATION_ONLY
WORST,LOOP_A,Conditioning loop,4,1.0,PSY_C,Cold-tolerant organism C,0.43594047141044506,-0.3605728105089723,14.0,7.1,0.997,0.7,2.382190993127939,2.2862586440056605,2.2862586440056605,1.5,False,False,25.0,False,DEMONSTRATION_ONLY
WORST,LOOP_A,Conditioning loop,5,1.25,IND_A,Indicator organism A,7.0688049299039815,0.8493459970757553,14.0,7.1,0.997,0.7,2.2862586440056605,2.193509984704458,2.193509984704458,1.5,False,False,250.0,False,DEMONSTRATION_ONLY
WORST,LOOP_A,Conditioning loop,5,1.25,MES_B,Mesophilic organism B,0.796742649306868,-0.09868193460690196,14.0,7.1,0.997,0.7,2.2862586440056605,2.193509984704458,2.193509984704458,1.5,False,False,50.0,False,DEMONSTRATION_ONLY
WORST,LOOP_A,Conditioning loop,5,1.25,PSY_C,Cold-tolerant organism C,0.42835484339515784,-0.3681963181809032,14.0,7.1,0.997,0.7,2.2862586440056605,2.193509984704458,2.193509984704458,1.5,False,False,25.0,False,DEMONSTRATION_ONLY
WORST,LOOP_A,Conditioning loop,6,1.5,IND_A,Indicator organism A,6.952786853737067,0.8421589157562885,14.0,7.1,0.997,0.7,2.193509984704458,2.10383935867605,2.10383935867605,1.5,False,False,250.0,False,DEMONSTRATION_ONLY
WORST,LOOP_A,Conditioning loop,6,1.5,MES_B,Mesophilic organism B,0.7718245345062653,-0.11248142033402687,14.0,7.1,0.997,0.7,2.193509984704458,2.10383935867605,2.10383935867605,1.5,False,False,50.0,False,DEMONSTRATION_ONLY
WORST,LOOP_A,Conditioning loop,6,1.5,PSY_C,Cold-tolerant organism C,0.4212118832478366,-0.37549938497904145,14.0,7.1,0.997,0.7,2.193509984704458,2.10383935867605,2.10383935867605,1.5,False,False,25.0,False,DEMONSTRATION_ONLY
WORST,LOOP_A,Conditioning loop,7,1.75,IND_A,Indicator organism A,6.845945191006089,0.8354334178315254,14.0,7.1,0.997,0.7,2.10383935867605,2.0171446157772444,2.0171446157772444,1.5,False,False,250.0,False,DEMONSTRATION_ONLY
WORST,LOOP_A,Conditioning loop,7,1.75,MES_B,Mesophilic organism B,0.7483585700513181,-0.1258902635238975,14.0,7.1,0.997,0.7,2.10383935867605,2.0171446157772444,2.0171446157772444,1.5,False,False,50.0,False,DEMONSTRATION_ONLY
WORST,LOOP_A,Conditioning loop,7,1.75,PSY_C,Cold-tolerant organism C,0.4144836266979437,-0.3824926206629984,14.0,7.1,0.997,0.7,2.10383935867605,2.0171446157772444,2.0171446157772444,1.5,False,False,25.0,False,DEMONSTRATION_ONLY
WORST,LOOP_A,Conditioning loop,8,2.0,IND_A,Indicator organism A,6.747674771671663,0.8291541420450957,14.0,7.1,0.997,0.7,2.0171446157772444,1.9333269959034982,1.9333269959034982,1.5,False,False,250.0,False,DEMONSTRATION_ONLY
WORST,LOOP_A,Conditioning loop,8,2.0,MES_B,Mesophilic organism B,0.7262377954792206,-0.13892115291564394,14.0,7.1,0.997,0.7,2.0171446157772444,1.9333269959034982,1.9333269959034982,1.5,False,False,50.0,False,DEMONSTRATION_ONLY
WORST,LOOP_A,Conditioning loop,8,2.0,PSY_C,Cold-tolerant organism C,0.40814427821071686,-0.38918628751181195,14.0,7.1,0.997,0.7,2.0171446157772444,1.9333269959034982,1.9333269959034982,1.5,False,False,25.0,False,DEMONSTRATION_ONLY
WORST,LOOP_A,Conditioning loop,9,2.25,IND_A,Indicator organism A,6.657424226307494,0.823306232071729,14.0,7.1,0.997,0.7,1.9333269959034982,1.8522910164843054,1.8522910164843054,1.5,False,False,250.0,False,DEMONSTRATION_ONLY
WORST,LOOP_A,Conditioning loop,9,2.25,MES_B,Mesophilic organism B,0.7053645652439449,-0.15158636137615664,14.0,7.1,0.997,0.7,1.9333269959034982,1.8522910164843054,1.8522910164843054,1.5,False,False,50.0,False,DEMONSTRATION_ONLY
WORST,LOOP_A,Conditioning loop,9,2.25,PSY_C,Cold-tolerant organism C,0.40217001595169577,-0.39559031164116637,14.0,7.1,0.997,0.7,1.9333269959034982,1.8522910164843054,1.8522910164843054,1.5,False,False,25.0,False,DEMONSTRATION_ONLY
WORST,LOOP_A,Conditioning loop,10,2.5,IND_A,Indicator organism A,6.574690600613191,0.8178753201111452,14.0,7.1,0.997,0.7,1.8522910164843054,1.773944363712258,1.773944363712258,1.5,False,False,250.0,False,DEMONSTRATION_ONLY
WORST,LOOP_A,Conditioning loop,10,2.5,MES_B,Mesophilic organism B,0.6856496210728471,-0.16389775966959752,14.0,7.1,0.997,0.7,1.8522910164843054,1.773944363712258,1.773944363712258,1.5,False,False,50.0,False,DEMONSTRATION_ONLY
WORST,LOOP_A,Conditioning loop,10,2.5,PSY_C,Cold-tolerant organism C,0.3965388164821725,-0.40171429394814745,14.0,7.1,0.997,0.7,1.8522910164843054,1.773944363712258,1.773944363712258,1.5,False,False,25.0,False,DEMONSTRATION_ONLY
WORST,LOOP_A,Conditioning loop,11,2.75,IND_A,Indicator organism A,6.499014576225121,0.8128475110195468,14.0,7.1,0.997,0.7,1.773944363712258,1.6981977873818686,1.6981977873818686,1.5,False,False,250.0,False,DEMONSTRATION_ONLY
WORST,LOOP_A,Conditioning loop,11,2.75,MES_B,Mesophilic organism B,0.6670112674029353,-0.17586682975722973,14.0,7.1,0.997,0.7,1.773944363712258,1.6981977873818686,1.6981977873818686,1.5,False,False,50.0,False,DEMONSTRATION_ONLY
WORST,LOOP_A,Conditioning loop,11,2.75,PSY_C,Cold-tolerant organism C,0.3912302969831446,-0.4075675206965207,14.0,7.1,0.997,0.7,1.773944363712258,1.6981977873818686,1.6981977873818686,1.5,False,False,25.0,False,DEMONSTRATION_ONLY
WORST,LOOP_A,Conditioning loop,12,3.0,IND_A,Indicator organism A,6.429976222737774,0.8082093669595452,14.0,7.1,0.997,0.7,1.6981977873818686,1.6249649992183572,1.6249649992183572,1.5,False,False,250.0,False,DEMONSTRATION_ONLY
WORST,LOOP_A,Conditioning loop,12,3.0,MES_B,Mesophilic organism B,0.6493746373359388,-0.1875046776443405,14.0,7.1,0.997,0.7,1.6981977873818686,1.6249649992183572,1.6249649992183572,1.5,False,False,50.0,False,DEMONSTRATION_ONLY
WORST,LOOP_A,Conditioning loop,12,3.0,PSY_C,Cold-tolerant organism C,0.38622557307297944,-0.4131589737550072,14.0,7.1,0.997,0.7,1.6981977873818686,1.6249649992183572,1.6249649992183572,1.5,False,False,25.0,False,DEMONSTRATION_ONLY
WORST,LOOP_A,Conditioning loop,13,3.25,IND_A,Indicator organism A,6.367191215947493,0.8039478925501728,14.0,7.1,0.997,0.7,1.6249649992183572,1.5541625745805845,2.8,1.5,False,True,250.0,False,DEMONSTRATION_ONLY
WORST,LOOP_A,Conditioning loop,13,3.25,MES_B,Mesophilic organism B,0.6326710382089789,-0.19882204579043633,14.0,7.1,0.997,0.7,1.6249649992183572,1.5541625745805845,2.8,1.5,False,True,50.0,False,DEMONSTRATION_ONLY
WORST,LOOP_A,Conditioning loop,13,3.25,PSY_C,Cold-tolerant organism C,0.3815071305165854,-0.418497340500539,14.0,7.1,0.997,0.7,1.6249649992183572,1.5541625745805845,2.8,1.5,False,True,25.0,False,DEMONSTRATION_ONLY
WORST,LOOP_A,Conditioning loop,14,3.5,IND_A,Indicator organism A,6.218290590073274,0.7936710134158376,14.0,7.1,0.997,0.7,2.8,2.6902018976203195,2.6902018976203195,1.5,False,False,250.0,False,DEMONSTRATION_ONLY
WORST,LOOP_A,Conditioning loop,14,3.5,MES_B,Mesophilic organism B,0.6093352857294212,-0.2151436717789247,14.0,7.1,0.997,0.7,2.8,2.6902018976203195,2.6902018976203195,1.5,False,False,50.0,False,DEMONSTRATION_ONLY
WORST,LOOP_A,Conditioning loop,14,3.5,PSY_C,Cold-tolerant organism C,0.37338498567240697,-0.4278431496186581,14.0,7.1,0.997,0.7,2.8,2.6902018976203195,2.6902018976203195,1.5,False,False,25.0,False,DEMONSTRATION_ONLY
WORST,LOOP_A,Conditioning loop,15,3.75,IND_A,Indicator organism A,6.080792889887293,0.7839602117154407,14.0,7.1,0.997,0.7,2.6902018976203195,2.5840476453508257,2.5840476453508257,1.5,False,False,250.0,False,DEMONSTRATION_ONLY
WORST,LOOP_A,Conditioning loop,15,3.75,MES_B,Mesophilic organism B,0.5875099154442249,-0.23098479937729147,14.0,7.1,0.997,0.7,2.6902018976203195,2.5840476453508257,2.5840476453508257,1.5,False,False,50.0,False,DEMONSTRATION_ONLY
WORST,LOOP_A,Conditioning loop,15,3.75,PSY_C,Cold-tolerant organism C,0.36575580580380623,-0.4368087713993868,14.0,7.1,0.997,0.7,2.6902018976203195,2.5840476453508257,2.5840476453508257,1.5,False,False,25.0,False,DEMONSTRATION_ONLY
WORST,LOOP_A,Conditioning loop,16,4.0,IND_A,Indicator organism A,5.953833594906539,0.7747966922818563,14.0,7.1,0.997,0.7,2.5840476453508257,2.481416315385502,2.481416315385502,1.5,False,False,250.0,False,DEMONSTRATION_ONLY
WORST,LOOP_A,Conditioning loop,16,4.0,MES_B,Mesophilic organism B,0.5670731564917202,-0.2463609103994946,14.0,7.1,0.997,0.7,2.5840476453508257,2.481416315385502,2.481416315385502,1.5,False,False,50.0,False,DEMONSTRATION_ONLY
WORST,LOOP_A,Conditioning loop,16,4.0,PSY_C,Cold-tolerant organism C,0.3585859246686619,-0.44540676150752556,14.0,7.1,0.997,0.7,2.5840476453508257,2.481416315385502,2.481416315385502,1.5,False,False,25.0,False,DEMONSTRATION_ONLY
WORST,LOOP_A,Conditioning loop,17,4.25,IND_A,Indicator organism A,5.836631502884404,0.7661622748904653,14.0,7.1,0.997,0.7,2.481416315385502,2.382190993127939,2.382190993127939,1.5,False,False,250.0,False,DEMONSTRATION_ONLY
WORST,LOOP_A,Conditioning loop,17,4.25,MES_B,Mesophilic organism B,0.547914783548725,-0.26128698150174334,14.0,7.1,0.997,0.7,2.481416315385502,2.382190993127939,2.382190993127939,1.5,False,False,50.0,False,DEMONSTRATION_ONLY
WORST,LOOP_A,Conditioning loop,17,4.25,PSY_C,Cold-tolerant organism C,0.35184447346928294,-0.4536492661816882,14.0,7.1,0.997,0.7,2.481416315385502,2.382190993127939,2.382190993127939,1.5,False,False,25.0,False,DEMONSTRATION_ONLY
WORST,LOOP_A,Conditioning loop,18,4.5,IND_A,Indicator organism A,5.728479645593813,0.7580393742986867,14.0,7.1,0.997,0.7,2.382190993127939,2.2862586440056605,2.2862586440056605,1.5,False,False,250.0,False,DEMONSTRATION_ONLY
WORST,LOOP_A,Conditioning loop,18,4.5,MES_B,Mesophilic organism B,0.5299348720412776,-0.2757775010616402,14.0,7.1,0.997,0.7,2.382190993127939,2.2862586440056605,2.2862586440056605,1.5,False,False,50.0,False,DEMONSTRATION_ONLY
WORST,LOOP_A,Conditioning loop,18,4.5,PSY_C,Cold-tolerant organism C,0.34550311277390267,-0.4615480355417666,14.0,7.1,0.997,0.7,2.382190993127939,2.2862586440056605,2.2862586440056605,1.5,False,False,25.0,False,DEMONSTRATION_ONLY
WORST,LOOP_A,Conditioning loop,19,4.75,IND_A,Indicator organism A,5.628737311301921,0.7504109809547299,14.0,7.1,0.997,0.7,2.2862586440056605,2.193509984704458,2.193509984704458,1.5,False,False,250.0,False,DEMONSTRATION_ONLY
WORST,LOOP_A,Conditioning loop,19,4.75,MES_B,Mesophilic organism B,0.5130427024224775,-0.28984648546396813,14.0,7.1,0.997,0.7,2.2862586440056605,2.193509984704458,2.193509984704458,1.5,False,False,50.0,False,DEMONSTRATION_ONLY
WORST,LOOP_A,Conditioning loop,19,4.75,PSY_C,Cold-tolerant organism C,0.3395357932322531,-0.469114436453064,14.0,7.1,0.997,0.7,2.2862586440056605,2.193509984704458,2.193509984704458,1.5,False,False,25.0,False,DEMONSTRATION_ONLY
WORST,LOOP_A,Conditioning loop,20,5.0,IND_A,Indicator organism A,5.536823026153249,0.743260642350042,14.0,7.1,0.997,0.7,2.193509984704458,2.10383935867605,2.10383935867605,1.5,False,False,250.0,False,DEMONSTRATION_ONLY
WORST,LOOP_A,Conditioning loop,20,5.0,MES_B,Mesophilic organism B,0.4971557940104079,-0.3035074948149101,14.0,7.1,0.997,0.7,2.193509984704458,2.10383935867605,2.10383935867605,1.5,False,False,50.0,False,DEMONSTRATION_ONLY
WORST,LOOP_A,Conditioning loop,20,5.0,PSY_C,Cold-tolerant organism C,0.3339185416818105,-0.4763594649632329,14.0,7.1,0.997,0.7,2.193509984704458,2.10383935867605,2.10383935867605,1.5,False,False,25.0,False,DEMONSTRATION_ONLY
WORST,LOOP_A,Conditioning loop,21,5.25,IND_A,Indicator organism A,5.452208368039588,0.7365724449910623,14.0,7.1,0.997,0.7,2.10383935867605,2.0171446157772444,2.0171446157772444,1.5,False,False,250.0,False,DEMONSTRATION_ONLY
WORST,LOOP_A,Conditioning loop,21,5.25,MES_B,Mesophilic organism B,0.4821990516357142,-0.3167736481057679,14.0,7.1,0.997,0.7,2.10383935867605,2.0171446157772444,2.0171446157772444,1.5,False,False,50.0,False,DEMONSTRATION_ONLY
WORST,LOOP_A,Conditioning loop,21,5.25,PSY_C,Cold-tolerant organism C,0.32862926967824735,-0.48329375832747845,14.0,7.1,0.997,0.7,2.10383935867605,2.0171446157772444,2.0171446157772444,1.5,False,False,25.0,False,DEMONSTRATION_ONLY
WORST,LOOP_A,Conditioning loop,22,5.5,IND_A,Indicator organism A,5.374412504586738,0.7303309969669812,14.0,7.1,0.997,0.7,2.0171446157772444,1.9333269959034982,1.9333269959034982,1.5,False,False,250.0,False,DEMONSTRATION_ONLY
WORST,LOOP_A,Conditioning loop,22,5.5,MES_B,Mesophilic organism B,0.4681040106881646,-0.32965763784654506,14.0,7.1,0.997,0.7,2.0171446157772444,1.9333269959034982,1.9333269959034982,1.5,False,False,50.0,False,DEMONSTRATION_ONLY
WORST,LOOP_A,Conditioning loop,22,5.5,PSY_C,Cold-tolerant organism C,0.3236476018602393,-0.4899276066368542,14.0,7.1,0.997,0.7,2.0171446157772444,1.9333269959034982,1.9333269959034982,1.5,False,False,25.0,False,DEMONSTRATION_ONLY
WORST,LOOP_A,Conditioning loop,23,5.75,IND_A,Indicator organism A,5.302997362175735,0.724521411091256,14.0,7.1,0.997,0.7,1.9333269959034982,1.8522910164843054,1.8522910164843054,1.5,False,False,250.0,False,DEMONSTRATION_ONLY
WORST,LOOP_A,Conditioning loop,23,5.75,MES_B,Mesophilic organism B,0.4548081681413905,-0.3421717441890555,14.0,7.1,0.997,0.7,1.9333269959034982,1.8522910164843054,1.8522910164843054,1.5,False,False,50.0,False,DEMONSTRATION_ONLY
WORST,LOOP_A,Conditioning loop,23,5.75,PSY_C,Cold-tolerant organism C,0.3189547218839684,-0.49627096406385107,14.0,7.1,0.997,0.7,1.9333269959034982,1.8522910164843054,1.8522910164843054,1.5,False,False,25.0,False,DEMONSTRATION_ONLY
WORST,LOOP_A,Conditioning loop,24,6.0,IND_A,Indicator organism A,5.23756334588983,0.719129288595648,14.0,7.1,0.997,0.7,1.8522910164843054,1.773944363712258,1.773944363712258,1.5,False,False,250.0,False,DEMONSTRATION_ONLY
WORST,LOOP_A,Conditioning loop,24,6.0,MES_B,Mesophilic organism B,0.4422543888306041,-0.3543278485585315,14.0,7.1,0.997,0.7,1.8522910164843054,1.773944363712258,1.773944363712258,1.5,False,False,50.0,False,DEMONSTRATION_ONLY
WORST,LOOP_A,Conditioning loop,24,6.0,PSY_C,Cold-tolerant organism C,0.31453323394390215,-0.5023334597388992,14.0,7.1,0.997,0.7,1.8522910164843054,1.773944363712258,1.773944363712258,1.5,False,False,25.0,False,DEMONSTRATION_ONLY
WORST,LOOP_A,Conditioning loop,25,6.25,IND_A,Indicator organism A,5.177745541311268,0.7141407033565137,14.0,7.1,0.997,0.7,1.773944363712258,1.6981977873818686,1.6981977873818686,1.5,False,False,250.0,False,DEMONSTRATION_ONLY
WORST,LOOP_A,Conditioning loop,25,6.25,MES_B,Mesophilic organism B,0.43039037770567456,-0.36613744681202653,14.0,7.1,0.997,0.7,1.773944363712258,1.6981977873818686,1.6981977873818686,1.5,False,False,50.0,False,DEMONSTRATION_ONLY
WORST,LOOP_A,Conditioning loop,25,6.25,PSY_C,Cold-tolerant organism C,0.31036703814007405,-0.508124408270831,14.0,7.1,0.997,0.7,1.773944363712258,1.6981977873818686,1.6981977873818686,1.5,False,False,25.0,False,DEMONSTRATION_ONLY
WORST,LOOP_A,Conditioning loop,26,6.5,IND_A,Indicator organism A,5.123210338492842,0.7095421866340101,14.0,7.1,0.997,0.7,1.6981977873818686,1.6249649992183572,1.6249649992183572,1.5,False,False,250.0,False,DEMONSTRATION_ONLY
WORST,LOOP_A,Conditioning loop,26,6.5,MES_B,Mesophilic organism B,0.41916821002010857,-0.3776116619412414,14.0,7.1,0.997,0.7,1.6981977873818686,1.6249649992183572,1.6249649992183572,1.5,False,False,50.0,False,DEMONSTRATION_ONLY
WORST,LOOP_A,Conditioning loop,26,6.5,PSY_C,Cold-tolerant organism C,0.3064412181634996,-0.5136528199238177,14.0,7.1,0.997,0.7,1.6981977873818686,1.6249649992183572,1.6249649992183572,1.5,False,False,25.0,False,DEMONSTRATION_ONLY
WORST,LOOP_A,Conditioning loop,27,6.75,IND_A,Indicator organism A,5.0736524264556335,0.7053207123057572,14.0,7.1,0.997,0.7,1.6249649992183572,1.5541625745805845,2.8,1.5,False,True,250.0,False,DEMONSTRATION_ONLY
WORST,LOOP_A,Conditioning loop,27,6.75,MES_B,Mesophilic organism B,0.408543912477447,-0.3887612563367513,14.0,7.1,0.997,0.7,1.6249649992183572,1.5541625745805845,2.8,1.5,False,True,50.0,False,DEMONSTRATION_ONLY
WORST,LOOP_A,Conditioning loop,27,6.75,PSY_C,Cold-tolerant organism C,0.3027419399550911,-0.5189274104627773,14.0,7.1,0.997,0.7,1.6249649992183572,1.5541625745805845,2.8,1.5,False,True,25.0,False,DEMONSTRATION_ONLY
WORST,LOOP_A,Conditioning loop,28,7.0,IND_A,Indicator organism A,4.955469099948831,0.6950847724189122,14.0,7.1,0.997,0.7,2.8,2.6902018976203195,2.6902018976203195,1.5,False,False,250.0,False,DEMONSTRATION_ONLY
WORST,LOOP_A,Conditioning loop,28,7.0,MES_B,Mesophilic organism B,0.3936326605244321,-0.4049088744249676,14.0,7.1,0.997,0.7,2.8,2.6902018976203195,2.6902018976203195,1.5,False,False,50.0,False,DEMONSTRATION_ONLY
WORST,LOOP_A,Conditioning loop,28,7.0,PSY_C,Cold-tolerant organism C,0.29634110605052083,-0.5282081025101449,14.0,7.1,0.997,0.7,2.8,2.6902018976203195,2.6902018976203195,1.5,False,False,25.0,False,DEMONSTRATION_ONLY
WORST,LOOP_A,Conditioning loop,29,7.25,IND_A,Indicator organism A,4.846361613973945,0.6854158161354216,14.0,7.1,0.997,0.7,2.6902018976203195,2.5840476453508257,2.5840476453508257,1.5,False,False,250.0,False,DEMONSTRATION_ONLY
WORST,LOOP_A,Conditioning loop,29,7.25,MES_B,Mesophilic organism B,0.3796909665023137,-0.4205697353460255,14.0,7.1,0.997,0.7,2.6902018976203195,2.5840476453508257,2.5840476453508257,1.5,False,False,50.0,False,DEMONSTRATION_ONLY
WORST,LOOP_A,Conditioning loop,29,7.25,PSY_C,Cold-tolerant organism C,0.2903305271435769,-0.5371072973650972,14.0,7.1,0.997,0.7,2.6902018976203195,2.5840476453508257,2.5840476453508257,1.5,False,False,25.0,False,DEMONSTRATION_ONLY
WORST,LOOP_A,Conditioning loop,30,7.5,IND_A,Indicator organism A,4.745642448822051,0.6762950140428956,14.0,7.1,0.997,0.7,2.5840476453508257,2.481416315385502,2.481416315385502,1.5,False,False,250.0,False,DEMONSTRATION_ONLY
WORST,LOOP_A,Conditioning loop,30,7.5,MES_B,Mesophilic organism B,0.3666407195803165,-0.4357593034027688,14.0,7.1,0.997,0.7,2.5840476453508257,2.481416315385502,2.481416315385502,1.5,False,False,50.0,False,DEMONSTRATION_ONLY
WORST,LOOP_A,Conditioning loop,30,7.5,PSY_C,Cold-tolerant organism C,0.2846835791501342,-0.5456375826955342,14.0,7.1,0.997,0.7,2.5840476453508257,2.481416315385502,2.481416315385502,1.5,False,False,25.0,False,DEMONSTRATION_ONLY
WORST,LOOP_A,Conditioning loop,31,7.75,IND_A,Indicator organism A,4.652690356627031,0.6677041505597148,14.0,7.1,0.997,0.7,2.481416315385502,2.382190993127939,2.382190993127939,1.5,False,False,250.0,False,DEMONSTRATION_ONLY
WORST,LOOP_A,Conditioning loop,31,7.75,MES_B,Mesophilic organism B,0.35441121420121213,-0.4504925447176826,14.0,7.1,0.997,0.7,2.481416315385502,2.382190993127939,2.382190993127939,1.5,False,False,50.0,False,DEMONSTRATION_ONLY
WORST,LOOP_A,Conditioning loop,31,7.75,PSY_C,Cold-tolerant organism C,0.2793758503556911,-0.5538111376296804,14.0,7.1,0.997,0.7,2.481416315385502,2.382190993127939,2.382190993127939,1.5,False,False,25.0,False,DEMONSTRATION_ONLY
WORST,LOOP_A,Conditioning loop,32,8.0,IND_A,Indicator organism A,4.566943135861733,0.6596256041326819,14.0,7.1,0.997,0.7,2.382190993127939,2.2862586440056605,2.2862586440056605,1.5,False,False,250.0,False,DEMONSTRATION_ONLY
WORST,LOOP_A,Conditioning loop,32,8.0,MES_B,Mesophilic organism B,0.3429383516426564,-0.46478394394481876,14.0,7.1,0.997,0.7,2.382190993127939,2.2862586440056605,2.2862586440056605,1.5,False,False,50.0,False,DEMONSTRATION_ONLY
WORST,LOOP_A,Conditioning loop,32,8.0,PSY_C,Cold-tolerant organism C,0.27438492939645626,-0.5616397459525275,14.0,7.1,0.997,0.7,2.382190993127939,2.2862586440056605,2.2862586440056605,1.5,False,False,25.0,False,DEMONSTRATION_ONLY
WORST,LOOP_A,Conditioning loop,33,8.25,IND_A,Indicator organism A,4.487891286087548,0.652042328100126,14.0,7.1,0.997,0.7,2.2862586440056605,2.193509984704458,2.193509984704458,1.5,False,False,250.0,False,DEMONSTRATION_ONLY
WORST,LOOP_A,Conditioning loop,33,8.25,MES_B,Mesophilic organism B,0.33216393719467835,-0.4786475203720473,14.0,7.1,0.997,0.7,2.2862586440056605,2.193509984704458,2.193509984704458,1.5,False,False,50.0,False,DEMONSTRATION_ONLY
WORST,LOOP_A,Conditioning loop,33,8.25,PSY_C,Cold-tolerant organism C,0.2696902160132742,-0.5691348088623531,14.0,7.1,0.997,0.7,2.2862586440056605,2.193509984704458,2.193509984704458,1.5,False,False,25.0,False,DEMONSTRATION_ONLY
WORST,LOOP_A,Conditioning loop,34,8.5,IND_A,Indicator organism A,4.415072425411989,0.6449378321941734,14.0,7.1,0.997,0.7,2.193509984704458,2.10383935867605,2.10383935867605,1.5,False,False,250.0,False,DEMONSTRATION_ONLY
WORST,LOOP_A,Conditioning loop,34,8.5,MES_B,Mesophilic organism B,0.3220350604409712,-0.4920968434372505,14.0,7.1,0.997,0.7,2.193509984704458,2.10383935867605,2.10383935867605,1.5,False,False,50.0,False,DEMONSTRATION_ONLY
WORST,LOOP_A,Conditioning loop,34,8.5,PSY_C,Cold-tolerant organism C,0.2652727518866929,-0.5763073573037399,14.0,7.1,0.997,0.7,2.193509984704458,2.10383935867605,2.10383935867605,1.5,False,False,25.0,False,DEMONSTRATION_ONLY
WORST,LOOP_A,Conditioning loop,35,8.75,IND_A,Indicator organism A,4.3480663700996205,0.6382961646571358,14.0,7.1,0.997,0.7,2.10383935867605,2.0171446157772444,2.0171446157772444,1.5,False,False,250.0,False,DEMONSTRATION_ONLY
WORST,LOOP_A,Conditioning loop,35,8.75,MES_B,Mesophilic organism B,0.3125035478997913,-0.50514504768133,14.0,7.1,0.997,0.7,2.10383935867605,2.0171446157772444,2.0171446157772444,1.5,False,False,50.0,False,DEMONSTRATION_ONLY
WORST,LOOP_A,Conditioning loop,35,8.75,PSY_C,Cold-tolerant organism C,0.26111506920704347,-0.5831680638928043,14.0,7.1,0.997,0.7,2.10383935867605,2.0171446157772444,2.0171446157772444,1.5,False,False,25.0,False,DEMONSTRATION_ONLY
WORST,LOOP_A,Conditioning loop,36,9.0,IND_A,Indicator organism A,4.286490790139875,0.6321018949481542,14.0,7.1,0.997,0.7,2.0171446157772444,1.9333269959034982,1.9333269959034982,1.5,False,False,250.0,False,DEMONSTRATION_ONLY
WORST,LOOP_A,Conditioning loop,36,9.0,MES_B,Mesophilic organism B,0.30352547878105496,-0.5178048471601276,14.0,7.1,0.997,0.7,2.0171446157772444,1.9333269959034982,1.9333269959034982,1.5,False,False,50.0,False,DEMONSTRATION_ONLY
WORST,LOOP_A,Conditioning loop,36,9.0,PSY_C,Cold-tolerant organism C,0.2572010549312649,-0.5897272544496523,14.0,7.1,0.997,0.7,2.0171446157772444,1.9333269959034982,1.9333269959034982,1.5,False,False,25.0,False,DEMONSTRATION_ONLY
WORST,LOOP_A,Conditioning loop,37,9.25,IND_A,Indicator organism A,4.229997366734889,0.6263400970173915,14.0,7.1,0.997,0.7,1.9333269959034982,1.8522910164843054,1.8522910164843054,1.5,False,False,250.0,False,DEMONSTRATION_ONLY
WORST,LOOP_A,Conditioning loop,37,9.25,MES_B,Mesophilic organism B,0.2950607558925767,-0.5300885493366155,14.0,7.1,0.997,0.7,1.9333269959034982,1.8522910164843054,1.8522910164843054,1.5,False,False,50.0,False,DEMONSTRATION_ONLY
WORST,LOOP_A,Conditioning loop,37,9.25,PSY_C,Cold-tolerant organism C,0.25351582893538915,-0.5959949191524279,14.0,7.1,0.997,0.7,1.9333269959034982,1.8522910164843054,1.8522910164843054,1.5,False,False,25.0,False,DEMONSTRATION_ONLY
WORST,LOOP_A,Conditioning loop,38,9.5,IND_A,Indicator organism A,4.178268387989596,0.6209963331261605,14.0,7.1,0.997,0.7,1.8522910164843054,1.773944363712258,1.773944363712258,1.5,False,False,250.0,False,DEMONSTRATION_ONLY
WORST,LOOP_A,Conditioning loop,38,9.5,MES_B,Mesophilic organism B,0.2870727248159962,-0.5420080684739396,14.0,7.1,0.997,0.7,1.8522910164843054,1.773944363712258,1.773944363712258,1.5,False,False,50.0,False,DEMONSTRATION_ONLY
WORST,LOOP_A,Conditioning loop,38,9.5,PSY_C,Cold-tolerant organism C,0.2500456344940353,-0.6019807233266767,14.0,7.1,0.997,0.7,1.8522910164843054,1.773944363712258,1.773944363712258,1.5,False,False,25.0,False,DEMONSTRATION_ONLY
WORST,LOOP_A,Conditioning loop,39,9.75,IND_A,Indicator organism A,4.131013727861695,0.6160566381924361,14.0,7.1,0.997,0.7,1.773944363712258,1.6981977873818686,1.6981977873818686,1.5,False,False,250.0,False,DEMONSTRATION_ONLY
WORST,LOOP_A,Conditioning loop,39,9.75,MES_B,Mesophilic organism B,0.27952783540146386,-0.553574938549159,14.0,7.1,0.997,0.7,1.773944363712258,1.6981977873818686,1.6981977873818686,1.5,False,False,50.0,False,DEMONSTRATION_ONLY
WORST,LOOP_A,Conditioning loop,39,9.75,PSY_C,Cold-tolerant organism C,0.24677773971095013,-0.6076940178831652,14.0,7.1,0.997,0.7,1.773944363712258,1.6981977873818686,1.6981977873818686,1.5,False,False,25.0,False,DEMONSTRATION_ONLY
WORST,LOOP_A,Conditioning loop,40,10.0,IND_A,Indicator organism A,4.087968160906516,0.6115075046422002,14.0,7.1,0.997,0.7,1.6981977873818686,1.6249649992183572,1.6249649992183572,1.5,False,False,250.0,False,DEMONSTRATION_ONLY
WORST,LOOP_A,Conditioning loop,40,10.0,MES_B,Mesophilic organism B,0.27239534042434144,-0.5648003257067724,14.0,7.1,0.997,0.7,1.6981977873818686,1.6249649992183572,1.6249649992183572,1.5,False,False,50.0,False,DEMONSTRATION_ONLY
WORST,LOOP_A,Conditioning loop,40,10.0,PSY_C,Cold-tolerant organism C,0.24370034869183696,-0.6131438494167023,14.0,7.1,0.997,0.7,1.6981977873818686,1.6249649992183572,1.6249649992183572,1.5,False,False,25.0,False,DEMONSTRATION_ONLY
WORST,LOOP_A,Conditioning loop,41,10.25,IND_A,Indicator organism A,4.048888971735962,0.6073358677480308,14.0,7.1,0.997,0.7,1.6249649992183572,1.5541625745805845,2.8,1.5,False,True,250.0,False,DEMONSTRATION_ONLY
WORST,LOOP_A,Conditioning loop,41,10.25,MES_B,Mesophilic organism B,0.2656470269277105,-0.5756950402703931,14.0,7.1,0.997,0.7,1.6249649992183572,1.5541625745805845,2.8,1.5,False,True,50.0,False,DEMONSTRATION_ONLY
WORST,LOOP_A,Conditioning loop,41,10.25,PSY_C,Cold-tolerant organism C,0.2408025213960196,-0.6183389699779793,14.0,7.1,0.997,0.7,1.6249649992183572,1.5541625745805845,2.8,1.5,False,True,25.0,False,DEMONSTRATION_ONLY
WORST,LOOP_A,Conditioning loop,42,10.5,IND_A,Indicator organism A,3.9550404063011957,0.5971509247854028,14.0,7.1,0.997,0.7,2.8,2.6902018976203195,2.6902018976203195,1.5,False,False,250.0,False,DEMONSTRATION_ONLY
WORST,LOOP_A,Conditioning loop,42,10.5,MES_B,Mesophilic organism B,0.2561069891605091,-0.591578569472123,14.0,7.1,0.997,0.7,2.8,2.6902018976203195,2.6902018976203195,1.5,False,False,50.0,False,DEMONSTRATION_ONLY
WORST,LOOP_A,Conditioning loop,42,10.5,PSY_C,Cold-tolerant organism C,0.23575529287656846,-0.6275385482564515,14.0,7.1,0.997,0.7,2.8,2.6902018976203195,2.6902018976203195,1.5,False,False,25.0,False,DEMONSTRATION_ONLY
WORST,LOOP_A,Conditioning loop,43,10.75,IND_A,Indicator organism A,3.8684241253579628,0.5875340830957752,14.0,7.1,0.997,0.7,2.6902018976203195,2.5840476453508257,2.5840476453508257,1.5,False,False,250.0,False,DEMONSTRATION_ONLY
WORST,LOOP_A,Conditioning loop,43,10.75,MES_B,Mesophilic organism B,0.24719169567103844,-0.6069661233276525,14.0,7.1,0.997,0.7,2.6902018976203195,2.5840476453508257,2.5840476453508257,1.5,False,False,50.0,False,DEMONSTRATION_ONLY
WORST,LOOP_A,Conditioning loop,43,10.75,PSY_C,Cold-tolerant organism C,0.2310175502298712,-0.6363550258287896,14.0,7.1,0.997,0.7,2.6902018976203195,2.5840476453508257,2.5840476453508257,1.5,False,False,25.0,False,DEMONSTRATION_ONLY
WORST,LOOP_A,Conditioning loop,44,11.0,IND_A,Indicator organism A,3.7884928321702374,0.5784664699009131,14.0,7.1,0.997,0.7,2.5840476453508257,2.481416315385502,2.481416315385502,1.5,False,False,250.0,False,DEMONSTRATION_ONLY
WORST,LOOP_A,Conditioning loop,44,11.0,MES_B,Mesophilic organism B,0.23885087197916843,-0.6218731688874312,14.0,7.1,0.997,0.7,2.5840476453508257,2.481416315385502,2.481416315385502,1.5,False,False,50.0,False,DEMONSTRATION_ONLY
WORST,LOOP_A,Conditioning loop,44,11.0,PSY_C,Cold-tolerant organism C,0.22656820718729234,-0.6448010318593437,14.0,7.1,0.997,0.7,2.5840476453508257,2.481416315385502,2.481416315385502,1.5,False,False,25.0,False,DEMONSTRATION_ONLY
WORST,LOOP_A,Conditioning loop,45,11.25,IND_A,Indicator organism A,3.7147519974080336,0.5699298248927116,14.0,7.1,0.997,0.7,2.481416315385502,2.382190993127939,2.382190993127939,1.5,False,False,250.0,False,DEMONSTRATION_ONLY
WORST,LOOP_A,Conditioning loop,45,11.25,MES_B,Mesophilic organism B,0.23103900916743705,-0.6363146866192728,14.0,7.1,0.997,0.7,2.481416315385502,2.382190993127939,2.382190993127939,1.5,False,False,50.0,False,DEMONSTRATION_ONLY
WORST,LOOP_A,Conditioning loop,45,11.25,PSY_C,Cold-tolerant organism C,0.22238792975844374,-0.652888788050223,14.0,7.1,0.997,0.7,2.481416315385502,2.382190993127939,2.382190993127939,1.5,False,False,25.0,False,DEMONSTRATION_ONLY
WORST,LOOP_A,Conditioning loop,46,11.5,IND_A,Indicator organism A,3.646754106146794,0.561906480631073,14.0,7.1,0.997,0.7,2.382190993127939,2.2862586440056605,2.2862586440056605,1.5,False,False,250.0,False,DEMONSTRATION_ONLY
WORST,LOOP_A,Conditioning loop,46,11.5,MES_B,Mesophilic organism B,0.22371485002235195,-0.6503051868076636,14.0,7.1,0.997,0.7,2.382190993127939,2.2862586440056605,2.2862586440056605,1.5,False,False,50.0,False,DEMONSTRATION_ONLY
WORST,LOOP_A,Conditioning loop,46,11.5,PSY_C,Cold-tolerant organism C,0.2184589682964354,-0.6606301216950606,14.0,7.1,0.997,0.7,2.382190993127939,2.2862586440056605,2.2862586440056605,1.5,False,False,25.0,False,DEMONSTRATION_ONLY
WORST,LOOP_A,Conditioning loop,47,11.75,IND_A,Indicator organism A,3.5840936057321495,0.5543793436022758,14.0,7.1,0.997,0.7,2.2862586440056605,2.193509984704458,2.193509984704458,1.5,False,False,250.0,False,DEMONSTRATION_ONLY
WORST,LOOP_A,Conditioning loop,47,11.75,MES_B,Mesophilic organism B,0.21684093671309654,-0.6638587253148418,14.0,7.1,0.997,0.7,2.2862586440056605,2.193509984704458,2.193509984704458,1.5,False,False,50.0,False,DEMONSTRATION_ONLY
WORST,LOOP_A,Conditioning loop,47,11.75,PSY_C,Cold-tolerant organism C,0.2147650076009798,-0.6680364782973699,14.0,7.1,0.997,0.7,2.2862586440056605,2.193509984704458,2.193509984704458,1.5,False,False,25.0,False,DEMONSTRATION_ONLY
WORST,LOOP_A,Conditioning loop,48,12.0,IND_A,Indicator organism A,3.5840936057321495,0.5543793436022758,14.0,7.1,0.997,0.7,2.193509984704458,2.193509984704458,2.193509984704458,1.5,False,False,250.0,False,DEMONSTRATION_ONLY
WORST,LOOP_A,Conditioning loop,48,12.0,MES_B,Mesophilic organism B,0.21684093671309654,-0.6638587253148418,14.0,7.1,0.997,0.7,2.193509984704458,2.193509984704458,2.193509984704458,1.5,False,False,50.0,False,DEMONSTRATION_ONLY
WORST,LOOP_A,Conditioning loop,48,12.0,PSY_C,Cold-tolerant organism C,0.2147650076009798,-0.6680364782973699,14.0,7.1,0.997,0.7,2.193509984704458,2.193509984704458,2.193509984704458,1.5,False,False,25.0,False,DEMONSTRATION_ONLY
WORST,LOOP_B,Open-product wash loop,0,0.0,IND_A,Indicator organism A,7.93871682956577,0.8997503111331622,16.0,7.0,0.997,1.2,2.8,2.625809898205035,2.625809898205035,1.5,False,False,250.0,False,DEMONSTRATION_ONLY
WORST,LOOP_B,Open-product wash loop,0,0.0,MES_B,Mesophilic organism B,0.9614164712353614,-0.01708844169837401,16.0,7.0,0.997,1.2,2.8,2.625809898205035,2.625809898205035,1.5,False,False,50.0,False,DEMONSTRATION_ONLY
WORST,LOOP_B,Open-product wash loop,0,0.0,PSY_C,Cold-tolerant organism C,0.4831268586848224,-0.3159388179173997,16.0,7.0,0.997,1.2,2.8,2.625809898205035,2.625809898205035,1.5,False,False,25.0,False,DEMONSTRATION_ONLY
WORST,LOOP_B,Open-product wash loop,1,0.25,IND_A,Indicator organism A,7.892818360112516,0.8972321083661755,16.0,7.0,0.997,1.2,2.625809898205035,2.460776603129669,2.460776603129669,1.5,False,False,250.0,False,DEMONSTRATION_ONLY
WORST,LOOP_B,Open-product wash loop,1,0.25,MES_B,Mesophilic organism B,0.9257977646750508,-0.033483872149516876,16.0,7.0,0.997,1.2,2.625809898205035,2.460776603129669,2.460776603129669,1.5,False,False,50.0,False,DEMONSTRATION_ONLY
WORST,LOOP_B,Open-product wash loop,1,0.25,PSY_C,Cold-tolerant organism C,0.46741947642932025,-0.3302931953893331,16.0,7.0,0.997,1.2,2.625809898205035,2.460776603129669,2.460776603129669,1.5,False,False,25.0,False,DEMONSTRATION_ONLY
WORST,LOOP_B,Open-product wash loop,2,0.5,IND_A,Indicator organism A,7.861256806617975,0.8954919837678138,16.0,7.0,0.997,1.2,2.460776603129669,2.304418760733482,2.304418760733482,1.5,False,False,250.0,False,DEMONSTRATION_ONLY
WORST,LOOP_B,Open-product wash loop,2,0.5,MES_B,Mesophilic organism B,0.9040147765819488,-0.04382447070212148,16.0,7.0,0.997,1.2,2.460776603129669,2.304418760733482,2.304418760733482,1.5,False,False,50.0,False,DEMONSTRATION_ONLY
WORST,LOOP_B,Open-product wash loop,2,0.5,PSY_C,Cold-tolerant organism C,0.46375434385425207,-0.333712009445692,16.0,7.0,0.997,1.2,2.460776603129669,2.304418760733482,2.304418760733482,1.5,False,False,25.0,False,DEMONSTRATION_ONLY
WORST,LOOP_B,Open-product wash loop,3,0.75,IND_A,Indicator organism A,7.8431192965382515,0.8944888208285591,16.0,7.0,0.997,1.2,2.304418760733482,2.1562803207439862,2.1562803207439862,1.5,False,False,250.0,False,DEMONSTRATION_ONLY
WORST,LOOP_B,Open-product wash loop,3,0.75,MES_B,Mesophilic organism B,0.8840045687072711,-0.0535454904629111,16.0,7.0,0.997,1.2,2.304418760733482,2.1562803207439862,2.1562803207439862,1.5,False,False,50.0,False,DEMONSTRATION_ONLY
WORST,LOOP_B,Open-product wash loop,3,0.75,PSY_C,Cold-tolerant organism C,0.46064016331359675,-0.336638198492866,16.0,7.0,0.997,1.2,2.304418760733482,2.1562803207439862,2.1562803207439862,1.5,False,False,25.0,False,DEMONSTRATION_ONLY
WORST,LOOP_B,Open-product wash loop,4,1.0,IND_A,Indicator organism A,7.837610248584247,0.894183662931598,16.0,7.0,0.997,1.2,2.1562803207439862,2.0159292064908483,2.0159292064908483,1.5,False,False,250.0,False,DEMONSTRATION_ONLY
WORST,LOOP_B,Open-product wash loop,4,1.0,MES_B,Mesophilic organism B,0.8656066254369157,-0.06267942809277295,16.0,7.0,0.997,1.2,2.1562803207439862,2.0159292064908483,2.0159292064908483,1.5,False,False,50.0,False,DEMONSTRATION_ONLY
WORST,LOOP_B,Open-product wash loop,4,1.0,PSY_C,Cold-tolerant organism C,0.4580387117515537,-0.3390978154686033,16.0,7.0,0.997,1.2,2.1562803207439862,2.0159292064908483,2.0159292064908483,1.5,False,False,25.0,False,DEMONSTRATION_ONLY
WORST,LOOP_B,Open-product wash loop,5,1.25,IND_A,Indicator organism A,7.844036410781531,0.8945396009270059,16.0,7.0,0.997,1.2,2.0159292064908483,1.8829560546641233,1.8829560546641233,1.5,False,False,250.0,False,DEMONSTRATION_ONLY
WORST,LOOP_B,Open-product wash loop,5,1.25,MES_B,Mesophilic organism B,0.8486779434493968,-0.07125708468877855,16.0,7.0,0.997,1.2,2.0159292064908483,1.8829560546641233,1.8829560546641233,1.5,False,False,50.0,False,DEMONSTRATION_ONLY
WORST,LOOP_B,Open-product wash loop,5,1.25,PSY_C,Cold-tolerant organism C,0.4559156001210249,-0.3411155472352706,16.0,7.0,0.997,1.2,2.0159292064908483,1.8829560546641233,1.8829560546641233,1.5,False,False,25.0,False,DEMONSTRATION_ONLY
WORST,LOOP_B,Open-product wash loop,6,1.5,IND_A,Indicator organism A,7.861794118188534,0.8955216664866912,16.0,7.0,0.997,1.2,1.8829560546641233,1.7569730213207457,1.7569730213207457,1.5,False,False,250.0,False,DEMONSTRATION_ONLY
WORST,LOOP_B,Open-product wash loop,6,1.5,MES_B,Mesophilic organism B,0.8330908145140595,-0.07930765394425539,16.0,7.0,0.997,1.2,1.8829560546641233,1.7569730213207457,1.7569730213207457,1.5,False,False,50.0,False,DEMONSTRATION_ONLY
WORST,LOOP_B,Open-product wash loop,6,1.5,PSY_C,Cold-tolerant organism C,0.45423983177028854,-0.342714785661052,16.0,7.0,0.997,1.2,1.8829560546641233,1.7569730213207457,1.7569730213207457,1.5,False,False,25.0,False,DEMONSTRATION_ONLY
WORST,LOOP_B,Open-product wash loop,7,1.75,IND_A,Indicator organism A,7.890358409700781,0.8970967309432645,16.0,7.0,0.997,1.2,1.7569730213207457,1.6376126506567432,1.6376126506567432,1.5,False,False,250.0,False,DEMONSTRATION_ONLY
WORST,LOOP_B,Open-product wash loop,7,1.75,MES_B,Mesophilic organism B,0.8187309239908841,-0.08685880572017095,16.0,7.0,0.997,1.2,1.7569730213207457,1.6376126506567432,1.6376126506567432,1.5,False,False,50.0,False,DEMONSTRATION_ONLY
WORST,LOOP_B,Open-product wash loop,7,1.75,PSY_C,Cold-tolerant organism C,0.45298341855213836,-0.3439176950359697,16.0,7.0,0.997,1.2,1.7569730213207457,1.6376126506567432,1.6376126506567432,1.5,False,False,25.0,False,DEMONSTRATION_ONLY
WORST,LOOP_B,Open-product wash loop,8,2.0,IND_A,Indicator organism A,7.92927370714757,0.8992334093322936,16.0,7.0,0.997,1.2,1.6376126506567432,1.5245268032457118,2.8,1.5,False,True,250.0,False,DEMONSTRATION_ONLY
WORST,LOOP_B,Open-product wash loop,8,2.0,MES_B,Mesophilic organism B,0.8054957155309844,-0.09393676527108216,16.0,7.0,0.997,1.2,1.6376126506567432,1.5245268032457118,2.8,1.5,False,True,50.0,False,DEMONSTRATION_ONLY
WORST,LOOP_B,Open-product wash loop,8,2.0,PSY_C,Cold-tolerant organism C,0.452121046313801,-0.34474527601104166,16.0,7.0,0.997,1.2,1.6376126506567432,1.5245268032457118,2.8,1.5,False,True,25.0,False,DEMONSTRATION_ONLY
WORST,LOOP_B,Open-product wash loop,9,2.25,IND_A,Indicator organism A,7.8685555848508475,0.8958950170983808,16.0,7.0,0.997,1.2,2.8,2.625809898205035,2.625809898205035,1.5,False,False,250.0,False,DEMONSTRATION_ONLY
WORST,LOOP_B,Open-product wash loop,9,2.25,MES_B,Mesophilic organism B,0.7842047988476281,-0.10557050441445577,16.0,7.0,0.997,1.2,2.8,2.625809898205035,2.625809898205035,1.5,False,False,50.0,False,DEMONSTRATION_ONLY
WORST,LOOP_B,Open-product wash loop,9,2.25,PSY_C,Cold-tolerant organism C,0.4474853041906302,-0.34922122272508727,16.0,7.0,0.997,1.2,2.8,2.625809898205035,2.625809898205035,1.5,False,False,25.0,False,DEMONSTRATION_ONLY
WORST,LOOP_B,Open-product wash loop,10,2.5,IND_A,Indicator organism A,7.823086008481301,0.8933781049876193,16.0,7.0,0.997,1.2,2.625809898205035,2.460776603129669,2.460776603129669,1.5,False,False,250.0,False,DEMONSTRATION_ONLY
WORST,LOOP_B,Open-product wash loop,10,2.5,MES_B,Mesophilic organism B,0.7646929015403237,-0.11651294124323422,16.0,7.0,0.997,1.2,2.625809898205035,2.460776603129669,2.460776603129669,1.5,False,False,50.0,False,DEMONSTRATION_ONLY
WORST,LOOP_B,Open-product wash loop,10,2.5,PSY_C,Cold-tolerant organism C,0.44345756429203104,-0.3531479327106503,16.0,7.0,0.997,1.2,2.625809898205035,2.460776603129669,2.460776603129669,1.5,False,False,25.0,False,DEMONSTRATION_ONLY
WORST,LOOP_B,Open-product wash loop,11,2.75,IND_A,Indicator organism A,7.791826539720227,0.8916392757903677,16.0,7.0,0.997,1.2,2.460776603129669,2.304418760733482,2.304418760733482,1.5,False,False,250.0,False,DEMONSTRATION_ONLY
WORST,LOOP_B,Open-product wash loop,11,2.75,MES_B,Mesophilic organism B,0.7467920788482799,-0.12680029721830846,16.0,7.0,0.997,1.2,2.460776603129669,2.304418760733482,2.304418760733482,1.5,False,False,50.0,False,DEMONSTRATION_ONLY
WORST,LOOP_B,Open-product wash loop,11,2.75,PSY_C,Cold-tolerant organism C,0.43999279626729765,-0.3565544338932954,16.0,7.0,0.997,1.2,2.460776603129669,2.304418760733482,2.304418760733482,1.5,False,False,25.0,False,DEMONSTRATION_ONLY
WORST,LOOP_B,Open-product wash loop,12,3.0,IND_A,Indicator organism A,7.773872452726328,0.8906374108088112,16.0,7.0,0.997,1.2,2.304418760733482,2.1562803207439862,2.1562803207439862,1.5,False,False,250.0,False,DEMONSTRATION_ONLY
WORST,LOOP_B,Open-product wash loop,12,3.0,MES_B,Mesophilic organism B,0.7303534621417047,-0.13646690767935257,16.0,7.0,0.997,1.2,2.304418760733482,2.1562803207439862,2.1562803207439862,1.5,False,False,50.0,False,DEMONSTRATION_ONLY
WORST,LOOP_B,Open-product wash loop,12,3.0,PSY_C,Cold-tolerant organism C,0.4370506458148806,-0.3594682336852454,16.0,7.0,0.997,1.2,2.304418760733482,2.1562803207439862,2.1562803207439862,1.5,False,False,25.0,False,DEMONSTRATION_ONLY
WORST,LOOP_B,Open-product wash loop,13,3.25,IND_A,Indicator organism A,7.768435269730139,0.8903335513420141,16.0,7.0,0.997,1.2,2.1562803207439862,2.0159292064908483,2.0159292064908483,1.5,False,False,250.0,False,DEMONSTRATION_ONLY
WORST,LOOP_B,Open-product wash loop,13,3.25,MES_B,Mesophilic organism B,0.7152447526176874,-0.14554531970591172,16.0,7.0,0.997,1.2,2.1562803207439862,2.0159292064908483,2.0159292064908483,1.5,False,False,50.0,False,DEMONSTRATION_ONLY
WORST,LOOP_B,Open-product wash loop,13,3.25,PSY_C,Cold-tolerant organism C,0.4345948764624494,-0.3619153979814452,16.0,7.0,0.997,1.2,2.1562803207439862,2.0159292064908483,2.0159292064908483,1.5,False,False,25.0,False,DEMONSTRATION_ONLY
WORST,LOOP_B,Open-product wash loop,14,3.5,IND_A,Indicator organism A,7.774827932248541,0.8906907862645492,16.0,7.0,0.997,1.2,2.0159292064908483,1.8829560546641233,1.8829560546641233,1.5,False,False,250.0,False,DEMONSTRATION_ONLY
WORST,LOOP_B,Open-product wash loop,14,3.5,MES_B,Mesophilic organism B,0.7013480843752986,-0.15406638488136767,16.0,7.0,0.997,1.2,2.0159292064908483,1.8829560546641233,1.8829560546641233,1.5,False,False,50.0,False,DEMONSTRATION_ONLY
WORST,LOOP_B,Open-product wash loop,14,3.5,PSY_C,Cold-tolerant organism C,0.4325928867311953,-0.36392062608691544,16.0,7.0,0.997,1.2,2.0159292064908483,1.8829560546641233,1.8829560546641233,1.5,False,False,25.0,False,DEMONSTRATION_ONLY
WORST,LOOP_B,Open-product wash loop,15,3.75,IND_A,Indicator organism A,7.792452172206393,0.8916741453844772,16.0,7.0,0.997,1.2,1.8829560546641233,1.7569730213207457,1.7569730213207457,1.5,False,False,250.0,False,DEMONSTRATION_ONLY
WORST,LOOP_B,Open-product wash loop,15,3.75,MES_B,Mesophilic organism B,0.6885581970231714,-0.16205934723292773,16.0,7.0,0.997,1.2,1.8829560546641233,1.7569730213207457,1.7569730213207457,1.5,False,False,50.0,False,DEMONSTRATION_ONLY
WORST,LOOP_B,Open-product wash loop,15,3.75,PSY_C,Cold-tolerant organism C,0.4310152914425362,-0.36550732178518763,16.0,7.0,0.997,1.2,1.8829560546641233,1.7569730213207457,1.7569730213207457,1.5,False,False,25.0,False,DEMONSTRATION_ONLY
WORST,LOOP_B,Open-product wash loop,16,4.0,IND_A,Indicator organism A,7.820787725601591,0.8932504982839782,16.0,7.0,0.997,1.2,1.7569730213207457,1.6376126506567432,1.6376126506567432,1.5,False,False,250.0,False,DEMONSTRATION_ONLY
WORST,LOOP_B,Open-product wash loop,16,4.0,MES_B,Mesophilic organism B,0.6767808684887545,-0.16955192660496704,16.0,7.0,0.997,1.2,1.7569730213207457,1.6376126506567432,1.6376126506567432,1.5,False,False,50.0,False,DEMONSTRATION_ONLY
WORST,LOOP_B,Open-product wash loop,16,4.0,PSY_C,Cold-tolerant organism C,0.42983555775182586,-0.3666976607462636,16.0,7.0,0.997,1.2,1.7569730213207457,1.6376126506567432,1.6376126506567432,1.5,False,False,25.0,False,DEMONSTRATION_ONLY
WORST,LOOP_B,Open-product wash loop,17,4.25,IND_A,Indicator organism A,7.859383094561033,0.8953884583622357,16.0,7.0,0.997,1.2,1.6376126506567432,1.5245268032457118,2.8,1.5,False,True,250.0,False,DEMONSTRATION_ONLY
WORST,LOOP_B,Open-product wash loop,17,4.25,MES_B,Mesophilic organism B,0.665931567230621,-0.1765703977082564,16.0,7.0,0.997,1.2,1.6376126506567432,1.5245268032457118,2.8,1.5,False,True,50.0,False,DEMONSTRATION_ONLY
WORST,LOOP_B,Open-product wash loop,17,4.25,PSY_C,Cold-tolerant organism C,0.42902968800027985,-0.36751265446191106,16.0,7.0,0.997,1.2,1.6376126506567432,1.5245268032457118,2.8,1.5,False,True,25.0,False,DEMONSTRATION_ONLY
WORST,LOOP_B,Open-product wash loop,18,4.5,IND_A,Indicator organism A,7.799223343928991,0.8920513572751392,16.0,7.0,0.997,1.2,2.8,2.625809898205035,2.625809898205035,1.5,False,False,250.0,False,DEMONSTRATION_ONLY
WORST,LOOP_B,Open-product wash loop,18,4.5,MES_B,Mesophilic organism B,0.6484207710410426,-0.18814308172601407,16.0,7.0,0.997,1.2,2.8,2.625809898205035,2.625809898205035,1.5,False,False,50.0,False,DEMONSTRATION_ONLY
WORST,LOOP_B,Open-product wash loop,18,4.5,PSY_C,Cold-tolerant organism C,0.4246431367746347,-0.371975890736148,16.0,7.0,0.997,1.2,2.8,2.625809898205035,2.625809898205035,1.5,False,False,25.0,False,DEMONSTRATION_ONLY
WORST,LOOP_B,Open-product wash loop,19,4.75,IND_A,Indicator organism A,7.754177592937584,0.8895357433760647,16.0,7.0,0.997,1.2,2.625809898205035,2.460776603129669,2.460776603129669,1.5,False,False,250.0,False,DEMONSTRATION_ONLY
WORST,LOOP_B,Open-product wash loop,19,4.75,MES_B,Mesophilic organism B,0.6323784234231151,-0.1990229564946334,16.0,7.0,0.997,1.2,2.625809898205035,2.460776603129669,2.460776603129669,1.5,False,False,50.0,False,DEMONSTRATION_ONLY
WORST,LOOP_B,Open-product wash loop,19,4.75,PSY_C,Cold-tolerant organism C,0.42083341641076283,-0.37588978219415403,16.0,7.0,0.997,1.2,2.625809898205035,2.460776603129669,2.460776603129669,1.5,False,False,25.0,False,DEMONSTRATION_ONLY
WORST,LOOP_B,Open-product wash loop,20,5.0,IND_A,Indicator organism A,7.723216639533587,0.8877982171554011,16.0,7.0,0.997,1.2,2.460776603129669,2.304418760733482,2.304418760733482,1.5,False,False,250.0,False,DEMONSTRATION_ONLY
WORST,LOOP_B,Open-product wash loop,20,5.0,MES_B,Mesophilic organism B,0.6176659999055406,-0.20924630421485135,16.0,7.0,0.997,1.2,2.460776603129669,2.304418760733482,2.304418760733482,1.5,False,False,50.0,False,DEMONSTRATION_ONLY
WORST,LOOP_B,Open-product wash loop,20,5.0,PSY_C,Cold-tolerant organism C,0.4175578268031393,-0.3792833713841076,16.0,7.0,0.997,1.2,2.460776603129669,2.304418760733482,2.304418760733482,1.5,False,False,25.0,False,DEMONSTRATION_ONLY
WORST,LOOP_B,Open-product wash loop,21,5.25,IND_A,Indicator organism A,7.705443808319119,0.8867976577141672,16.0,7.0,0.997,1.2,2.304418760733482,2.1562803207439862,2.1562803207439862,1.5,False,False,250.0,False,DEMONSTRATION_ONLY
WORST,LOOP_B,Open-product wash loop,21,5.25,MES_B,Mesophilic organism B,0.6041607096122438,-0.21884752162055182,16.0,7.0,0.997,1.2,2.304418760733482,2.1562803207439862,2.1562803207439862,1.5,False,False,50.0,False,DEMONSTRATION_ONLY
WORST,LOOP_B,Open-product wash loop,21,5.25,PSY_C,Cold-tolerant organism C,0.41477810218468775,-0.38218417984179553,16.0,7.0,0.997,1.2,2.304418760733482,2.1562803207439862,2.1562803207439862,1.5,False,False,25.0,False,DEMONSTRATION_ONLY
WORST,LOOP_B,Open-product wash loop,22,5.5,IND_A,Indicator organism A,7.700077641111098,0.8864951042550949,16.0,7.0,0.997,1.2,2.1562803207439862,2.0159292064908483,2.0159292064908483,1.5,False,False,250.0,False,DEMONSTRATION_ONLY
WORST,LOOP_B,Open-product wash loop,22,5.5,MES_B,Mesophilic organism B,0.5917534280375171,-0.22785921751638674,16.0,7.0,0.997,1.2,2.1562803207439862,2.0159292064908483,2.0159292064908483,1.5,False,False,50.0,False,DEMONSTRATION_ONLY
WORST,LOOP_B,Open-product wash loop,22,5.5,PSY_C,Cold-tolerant organism C,0.41245988175790316,-0.3846182870618774,16.0,7.0,0.997,1.2,2.1562803207439862,2.0159292064908483,2.0159292064908483,1.5,False,False,25.0,False,DEMONSTRATION_ONLY
WORST,LOOP_B,Open-product wash loop,23,5.75,IND_A,Indicator organism A,7.70643719973711,0.8868536436657295,16.0,7.0,0.997,1.2,2.0159292064908483,1.8829560546641233,1.8829560546641233,1.5,False,False,250.0,False,DEMONSTRATION_ONLY
WORST,LOOP_B,Open-product wash loop,23,5.75,MES_B,Mesophilic organism B,0.5803469344927502,-0.23631230524633387,16.0,7.0,0.997,1.2,2.0159292064908483,1.8829560546641233,1.8829560546641233,1.5,False,False,50.0,False,DEMONSTRATION_ONLY
WORST,LOOP_B,Open-product wash loop,23,5.75,PSY_C,Cold-tolerant organism C,0.4105722518144082,-0.38661040540649044,16.0,7.0,0.997,1.2,2.0159292064908483,1.8829560546641233,1.8829560546641233,1.5,False,False,25.0,False,DEMONSTRATION_ONLY
WORST,LOOP_B,Open-product wash loop,24,6.0,IND_A,Indicator organism A,7.723929549220521,0.8878383038794557,16.0,7.0,0.997,1.2,1.8829560546641233,1.7569730213207457,1.7569730213207457,1.5,False,False,250.0,False,DEMONSTRATION_ONLY
WORST,LOOP_B,Open-product wash loop,24,6.0,MES_B,Mesophilic organism B,0.5698544048620695,-0.24423609036600144,16.0,7.0,0.997,1.2,1.8829560546641233,1.7569730213207457,1.7569730213207457,1.5,False,False,50.0,False,DEMONSTRATION_ONLY
WORST,LOOP_B,Open-product wash loop,24,6.0,PSY_C,Cold-tolerant organism C,0.40908734868208924,-0.38818395116042764,16.0,7.0,0.997,1.2,1.8829560546641233,1.7569730213207457,1.7569730213207457,1.5,False,False,25.0,False,DEMONSTRATION_ONLY
WORST,LOOP_B,Open-product wash loop,25,6.25,IND_A,Indicator organism A,7.752039067161884,0.8894159527178995,16.0,7.0,0.997,1.2,1.7569730213207457,1.6376126506567432,1.6376126506567432,1.5,False,False,250.0,False,DEMONSTRATION_ONLY
WORST,LOOP_B,Open-product wash loop,25,6.25,MES_B,Mesophilic organism B,0.5601981189779073,-0.2516583537753687,16.0,7.0,0.997,1.2,1.7569730213207457,1.6376126506567432,1.6376126506567432,1.5,False,False,50.0,False,DEMONSTRATION_ONLY
WORST,LOOP_B,Open-product wash loop,25,6.25,PSY_C,Cold-tolerant organism C,0.40798001357100966,-0.3893611119307844,16.0,7.0,0.997,1.2,1.7569730213207457,1.6376126506567432,1.6376126506567432,1.5,False,False,25.0,False,DEMONSTRATION_ONLY
WORST,LOOP_B,Open-product wash loop,26,6.5,IND_A,Indicator organism A,7.790318287773972,0.8915552019344415,16.0,7.0,0.997,1.2,1.6376126506567432,1.5245268032457118,2.8,1.5,False,True,250.0,False,DEMONSTRATION_ONLY
WORST,LOOP_B,Open-product wash loop,26,6.5,MES_B,Mesophilic organism B,0.5513083489650124,-0.25860543055360036,16.0,7.0,0.997,1.2,1.6376126506567432,1.5245268032457118,2.8,1.5,False,True,50.0,False,DEMONSTRATION_ONLY
WORST,LOOP_B,Open-product wash loop,26,6.5,PSY_C,Cold-tolerant organism C,0.4072274918180443,-0.39016291057835234,16.0,7.0,0.997,1.2,1.6376126506567432,1.5245268032457118,2.8,1.5,False,True,25.0,False,DEMONSTRATION_ONLY
WORST,LOOP_B,Open-product wash loop,27,6.75,IND_A,Indicator organism A,7.730710311224397,0.8882193994904748,16.0,7.0,0.997,1.2,2.8,2.625809898205035,2.625809898205035,1.5,False,False,250.0,False,DEMONSTRATION_ONLY
WORST,LOOP_B,Open-product wash loop,27,6.75,MES_B,Mesophilic organism B,0.5369021432608725,-0.2701048623721834,16.0,7.0,0.997,1.2,2.8,2.625809898205035,2.625809898205035,1.5,False,False,50.0,False,DEMONSTRATION_ONLY
WORST,LOOP_B,Open-product wash loop,27,6.75,PSY_C,Cold-tolerant organism C,0.40307621944513056,-0.39461282345053944,16.0,7.0,0.997,1.2,2.8,2.625809898205035,2.625809898205035,1.5,False,False,25.0,False,DEMONSTRATION_ONLY
WORST,LOOP_B,Open-product wash loop,28,7.0,IND_A,Indicator organism A,7.686083377786824,0.8857050913326399,16.0,7.0,0.997,1.2,2.625809898205035,2.460776603129669,2.460776603129669,1.5,False,False,250.0,False,DEMONSTRATION_ONLY
WORST,LOOP_B,Open-product wash loop,28,7.0,MES_B,Mesophilic organism B,0.5237093161716888,-0.28090970044266106,16.0,7.0,0.997,1.2,2.625809898205035,2.460776603129669,2.460776603129669,1.5,False,False,50.0,False,DEMONSTRATION_ONLY
WORST,LOOP_B,Open-product wash loop,28,7.0,PSY_C,Cold-tolerant organism C,0.39947234683073435,-0.3985132790145404,16.0,7.0,0.997,1.2,2.625809898205035,2.460776603129669,2.460776603129669,1.5,False,False,25.0,False,DEMONSTRATION_ONLY
WORST,LOOP_B,Open-product wash loop,29,7.25,IND_A,Indicator organism A,7.655417412540401,0.883968875637902,16.0,7.0,0.997,1.2,2.460776603129669,2.304418760733482,2.304418760733482,1.5,False,False,250.0,False,DEMONSTRATION_ONLY
WORST,LOOP_B,Open-product wash loop,29,7.25,MES_B,Mesophilic organism B,0.5116155059341245,-0.291056301488971,16.0,7.0,0.997,1.2,2.460776603129669,2.304418760733482,2.304418760733482,1.5,False,False,50.0,False,DEMONSTRATION_ONLY
WORST,LOOP_B,Open-product wash loop,29,7.25,PSY_C,Cold-tolerant organism C,0.39637537401966333,-0.40189333516454134,16.0,7.0,0.997,1.2,2.460776603129669,2.304418760733482,2.304418760733482,1.5,False,False,25.0,False,DEMONSTRATION_ONLY
WORST,LOOP_B,Open-product wash loop,30,7.5,IND_A,Indicator organism A,7.63782369540887,0.8829696292932863,16.0,7.0,0.997,1.2,2.304418760733482,2.1562803207439862,2.1562803207439862,1.5,False,False,250.0,False,DEMONSTRATION_ONLY
WORST,LOOP_B,Open-product wash loop,30,7.5,MES_B,Mesophilic organism B,0.5005193391755124,-0.3005791374954552,16.0,7.0,0.997,1.2,2.304418760733482,2.1562803207439862,2.1562803207439862,1.5,False,False,50.0,False,DEMONSTRATION_ONLY
WORST,LOOP_B,Open-product wash loop,30,7.5,PSY_C,Cold-tolerant organism C,0.3937490071788903,-0.40478052825573496,16.0,7.0,0.997,1.2,2.304418760733482,2.1562803207439862,2.1562803207439862,1.5,False,False,25.0,False,DEMONSTRATION_ONLY
WORST,LOOP_B,Open-product wash loop,31,7.75,IND_A,Indicator organism A,7.63252770485406,0.8826683893930254,16.0,7.0,0.997,1.2,2.1562803207439862,2.0159292064908483,2.0159292064908483,1.5,False,False,250.0,False,DEMONSTRATION_ONLY
WORST,LOOP_B,Open-product wash loop,31,7.75,MES_B,Mesophilic organism B,0.49033072430214303,-0.30951089285045374,16.0,7.0,0.997,1.2,2.1562803207439862,2.0159292064908483,2.0159292064908483,1.5,False,False,50.0,False,DEMONSTRATION_ONLY
WORST,LOOP_B,Open-product wash loop,31,7.75,PSY_C,Cold-tolerant organism C,0.3915606564690165,-0.40720095204969686,16.0,7.0,0.997,1.2,2.1562803207439862,2.0159292064908483,2.0159292064908483,1.5,False,False,25.0,False,DEMONSTRATION_ONLY
WORST,LOOP_B,Open-product wash loop,32,8.0,IND_A,Indicator organism A,7.638854550698363,0.8830282408261516,16.0,7.0,0.997,1.2,2.0159292064908483,1.8829560546641233,1.8829560546641233,1.5,False,False,250.0,False,DEMONSTRATION_ONLY
WORST,LOOP_B,Open-product wash loop,32,8.0,MES_B,Mesophilic organism B,0.4809693964151585,-0.3178825564553978,16.0,7.0,0.997,1.2,2.0159292064908483,1.8829560546641233,1.8829560546641233,1.5,False,False,50.0,False,DEMONSTRATION_ONLY
WORST,LOOP_B,Open-product wash loop,32,8.0,PSY_C,Cold-tolerant organism C,0.3897810017258575,-0.40917933260346484,16.0,7.0,0.997,1.2,2.0159292064908483,1.8829560546641233,1.8829560546641233,1.5,False,False,25.0,False,DEMONSTRATION_ONLY
WORST,LOOP_B,Open-product wash loop,33,8.25,IND_A,Indicator organism A,7.6562165680492225,0.8840142096405851,16.0,7.0,0.997,1.2,1.8829560546641233,1.7569730213207457,1.7569730213207457,1.5,False,False,250.0,False,DEMONSTRATION_ONLY
WORST,LOOP_B,Open-product wash loop,33,8.25,MES_B,Mesophilic organism B,0.4723636730018595,-0.32572350907179354,16.0,7.0,0.997,1.2,1.8829560546641233,1.7569730213207457,1.7569730213207457,1.5,False,False,50.0,False,DEMONSTRATION_ONLY
WORST,LOOP_B,Open-product wash loop,33,8.25,PSY_C,Cold-tolerant organism C,0.3883836158398503,-0.4107390993109639,16.0,7.0,0.997,1.2,1.8829560546641233,1.7569730213207457,1.7569730213207457,1.5,False,False,25.0,False,DEMONSTRATION_ONLY
WORST,LOOP_B,Open-product wash loop,34,8.5,IND_A,Indicator organism A,7.684102721265931,0.8855931618873114,16.0,7.0,0.997,1.2,1.7569730213207457,1.6376126506567432,1.6376126506567432,1.5,False,False,250.0,False,DEMONSTRATION_ONLY
WORST,LOOP_B,Open-product wash loop,34,8.5,MES_B,Mesophilic organism B,0.46444938681093567,-0.333061606161977,16.0,7.0,0.997,1.2,1.7569730213207457,1.6376126506567432,1.6376126506567432,1.5,False,False,50.0,False,DEMONSTRATION_ONLY
WORST,LOOP_B,Open-product wash loop,34,8.5,PSY_C,Cold-tolerant organism C,0.38734463736390895,-0.4119024522940935,16.0,7.0,0.997,1.2,1.7569730213207457,1.6376126506567432,1.6376126506567432,1.5,False,False,25.0,False,DEMONSTRATION_ONLY
WORST,LOOP_B,Open-product wash loop,35,8.75,IND_A,Indicator organism A,7.722069529005086,0.887733707664526,16.0,7.0,0.997,1.2,1.6376126506567432,1.5245268032457118,2.8,1.5,False,True,250.0,False,DEMONSTRATION_ONLY
WORST,LOOP_B,Open-product wash loop,35,8.75,MES_B,Mesophilic organism B,0.4571689681300243,-0.33992325646415833,16.0,7.0,0.997,1.2,1.6376126506567432,1.5245268032457118,2.8,1.5,False,True,50.0,False,DEMONSTRATION_ONLY
WORST,LOOP_B,Open-product wash loop,35,8.75,PSY_C,Cold-tolerant organism C,0.3866424852355796,-0.41269042633020003,16.0,7.0,0.997,1.2,1.6376126506567432,1.5245268032457118,2.8,1.5,False,True,25.0,False,DEMONSTRATION_ONLY
WORST,LOOP_B,Open-product wash loop,36,9.0,IND_A,Indicator organism A,7.663006806914116,0.8843992113330046,16.0,7.0,0.997,1.2,2.8,2.625809898205035,2.625809898205035,1.5,False,False,250.0,False,DEMONSTRATION_ONLY
WORST,LOOP_B,Open-product wash loop,36,9.0,MES_B,Mesophilic organism B,0.4453125442505591,-0.3513350708196769,16.0,7.0,0.997,1.2,2.8,2.625809898205035,2.625809898205035,1.5,False,False,50.0,False,DEMONSTRATION_ONLY
WORST,LOOP_B,Open-product wash loop,36,9.0,PSY_C,Cold-tolerant organism C,0.38271335636761145,-0.41712638100640526,16.0,7.0,0.997,1.2,2.8,2.625809898205035,2.625809898205035,1.5,False,False,25.0,False,DEMONSTRATION_ONLY
WORST,LOOP_B,Open-product wash loop,37,9.25,IND_A,Indicator organism A,7.618793742379715,0.8818862164186804,16.0,7.0,0.997,1.2,2.625809898205035,2.460776603129669,2.460776603129669,1.5,False,False,250.0,False,DEMONSTRATION_ONLY
WORST,LOOP_B,Open-product wash loop,37,9.25,MES_B,Mesophilic organism B,0.43446001153638025,-0.36205019060380567,16.0,7.0,0.997,1.2,2.625809898205035,2.460776603129669,2.460776603129669,1.5,False,False,50.0,False,DEMONSTRATION_ONLY
WORST,LOOP_B,Open-product wash loop,37,9.25,PSY_C,Cold-tolerant organism C,0.37930383925755845,-0.4210127614102235,16.0,7.0,0.997,1.2,2.625809898205035,2.460776603129669,2.460776603129669,1.5,False,False,25.0,False,DEMONSTRATION_ONLY
WORST,LOOP_B,Open-product wash loop,38,9.5,IND_A,Indicator organism A,7.588419279769814,0.8801513187716876,16.0,7.0,0.997,1.2,2.460776603129669,2.304418760733482,2.304418760733482,1.5,False,False,250.0,False,DEMONSTRATION_ONLY
WORST,LOOP_B,Open-product wash loop,38,9.5,MES_B,Mesophilic organism B,0.4245168529128662,-0.37210506400241083,16.0,7.0,0.997,1.2,2.460776603129669,2.304418760733482,2.304418760733482,1.5,False,False,50.0,False,DEMONSTRATION_ONLY
WORST,LOOP_B,Open-product wash loop,38,9.5,PSY_C,Cold-tolerant organism C,0.3763755112687808,-0.424378641532829,16.0,7.0,0.997,1.2,2.460776603129669,2.304418760733482,2.304418760733482,1.5,False,False,25.0,False,DEMONSTRATION_ONLY
WORST,LOOP_B,Open-product wash loop,39,9.75,IND_A,Indicator organism A,7.571002560331974,0.8791533930522768,16.0,7.0,0.997,1.2,2.304418760733482,2.1562803207439862,2.1562803207439862,1.5,False,False,250.0,False,DEMONSTRATION_ONLY
WORST,LOOP_B,Open-product wash loop,39,9.75,MES_B,Mesophilic organism B,0.41539928507592155,-0.38153425524398527,16.0,7.0,0.997,1.2,2.304418760733482,2.1562803207439862,2.1562803207439862,1.5,False,False,50.0,False,DEMONSTRATION_ONLY
WORST,LOOP_B,Open-product wash loop,39,9.75,PSY_C,Cold-tolerant organism C,0.37389394041156526,-0.42725157327088026,16.0,7.0,0.997,1.2,2.304418760733482,2.1562803207439862,2.1562803207439862,1.5,False,False,25.0,False,DEMONSTRATION_ONLY
WORST,LOOP_B,Open-product wash loop,40,10.0,IND_A,Indicator organism A,7.5657759172115036,0.8788534742340584,16.0,7.0,0.997,1.2,2.1562803207439862,2.0159292064908483,2.0159292064908483,1.5,False,False,250.0,False,DEMONSTRATION_ONLY
WORST,LOOP_B,Open-product wash loop,40,10.0,MES_B,Mesophilic organism B,0.407032848049682,-0.39037054126354687,16.0,7.0,0.997,1.2,2.1562803207439862,2.0159292064908483,2.0159292064908483,1.5,False,False,50.0,False,DEMONSTRATION_ONLY
WORST,LOOP_B,Open-product wash loop,40,10.0,PSY_C,Cold-tolerant organism C,0.3718282089341321,-0.42965766534489314,16.0,7.0,0.997,1.2,2.1562803207439862,2.0159292064908483,2.0159292064908483,1.5,False,False,25.0,False,DEMONSTRATION_ONLY
WORST,LOOP_B,Open-product wash loop,41,10.25,IND_A,Indicator organism A,7.572070436764196,0.8792146451961087,16.0,7.0,0.997,1.2,2.0159292064908483,1.8829560546641233,1.8829560546641233,1.5,False,False,250.0,False,DEMONSTRATION_ONLY
WORST,LOOP_B,Open-product wash loop,41,10.25,MES_B,Mesophilic organism B,0.39935120262499146,-0.39864500337471453,16.0,7.0,0.997,1.2,2.0159292064908483,1.8829560546641233,1.8829560546641233,1.5,False,False,50.0,False,DEMONSTRATION_ONLY
WORST,LOOP_B,Open-product wash loop,41,10.25,PSY_C,Cold-tolerant organism C,0.3701505012508106,-0.4316216581680046,16.0,7.0,0.997,1.2,2.0159292064908483,1.8829560546641233,1.8829560546641233,1.5,False,False,25.0,False,DEMONSTRATION_ONLY
WORST,LOOP_B,Open-product wash loop,42,10.5,IND_A,Indicator organism A,7.589303661911737,0.8802019300901365,16.0,7.0,0.997,1.2,1.8829560546641233,1.7569730213207457,1.7569730213207457,1.5,False,False,250.0,False,DEMONSTRATION_ONLY
WORST,LOOP_B,Open-product wash loop,42,10.5,MES_B,Mesophilic organism B,0.39229510199820405,-0.4063871142218067,16.0,7.0,0.997,1.2,1.8829560546641233,1.7569730213207457,1.7569730213207457,1.5,False,False,50.0,False,DEMONSTRATION_ONLY
WORST,LOOP_B,Open-product wash loop,42,10.5,PSY_C,Cold-tolerant organism C,0.3688357466130077,-0.433166994873149,16.0,7.0,0.997,1.2,1.8829560546641233,1.7569730213207457,1.7569730213207457,1.5,False,False,25.0,False,DEMONSTRATION_ONLY
WORST,LOOP_B,Open-product wash loop,43,10.75,IND_A,Indicator organism A,7.616969089576277,0.8817821931864404,16.0,7.0,0.997,1.2,1.7569730213207457,1.6376126506567432,1.6376126506567432,1.5,False,False,250.0,False,DEMONSTRATION_ONLY
WORST,LOOP_B,Open-product wash loop,43,10.75,MES_B,Mesophilic organism B,0.38581150984793944,-0.41362482026682384,16.0,7.0,0.997,1.2,1.7569730213207457,1.6376126506567432,1.6376126506567432,1.5,False,False,50.0,False,DEMONSTRATION_ONLY
WORST,LOOP_B,Open-product wash loop,43,10.75,PSY_C,Cold-tolerant organism C,0.3678613084873767,-0.4343158886953509,16.0,7.0,0.997,1.2,1.7569730213207457,1.6376126506567432,1.6376126506567432,1.5,False,False,25.0,False,DEMONSTRATION_ONLY
WORST,LOOP_B,Open-product wash loop,44,11.0,IND_A,Indicator organism A,7.654627175779139,0.8839240429186845,16.0,7.0,0.997,1.2,1.6376126506567432,1.5245268032457118,2.8,1.5,False,True,250.0,False,DEMONSTRATION_ONLY
WORST,LOOP_B,Open-product wash loop,44,11.0,MES_B,Mesophilic organism B,0.3798528418891059,-0.42038462005042965,16.0,7.0,0.997,1.2,1.6376126506567432,1.5245268032457118,2.8,1.5,False,True,50.0,False,DEMONSTRATION_ONLY
WORST,LOOP_B,Open-product wash loop,44,11.0,PSY_C,Cold-tolerant organism C,0.36720671389140225,-0.43508938689527205,16.0,7.0,0.997,1.2,1.6376126506567432,1.5245268032457118,2.8,1.5,False,True,25.0,False,DEMONSTRATION_ONLY
WORST,LOOP_B,Open-product wash loop,45,11.25,IND_A,Indicator organism A,7.596103265560025,0.8805908601405521,16.0,7.0,0.997,1.2,2.8,2.625809898205035,2.625809898205035,1.5,False,False,250.0,False,DEMONSTRATION_ONLY
WORST,LOOP_B,Open-product wash loop,45,11.25,MES_B,Mesophilic organism B,0.37009053883879073,-0.43169201726270073,16.0,7.0,0.997,1.2,2.8,2.625809898205035,2.625809898205035,1.5,False,False,50.0,False,DEMONSTRATION_ONLY
WORST,LOOP_B,Open-product wash loop,45,11.25,PSY_C,Cold-tolerant organism C,0.3634873265149401,-0.43951072681479086,16.0,7.0,0.997,1.2,2.8,2.625809898205035,2.625809898205035,1.5,False,False,25.0,False,DEMONSTRATION_ONLY
WORST,LOOP_B,Open-product wash loop,46,11.5,IND_A,Indicator organism A,7.552299179752507,0.8780791859433476,16.0,7.0,0.997,1.2,2.625809898205035,2.460776603129669,2.460776603129669,1.5,False,False,250.0,False,DEMONSTRATION_ONLY
WORST,LOOP_B,Open-product wash loop,46,11.5,MES_B,Mesophilic organism B,0.3611600761416208,-0.44230026408858447,16.0,7.0,0.997,1.2,2.625809898205035,2.460776603129669,2.460776603129669,1.5,False,False,50.0,False,DEMONSTRATION_ONLY
WORST,LOOP_B,Open-product wash loop,46,11.5,PSY_C,Cold-tolerant organism C,0.3602613142657557,-0.44338237096914546,16.0,7.0,0.997,1.2,2.625809898205035,2.460776603129669,2.460776603129669,1.5,False,False,25.0,False,DEMONSTRATION_ONLY
WORST,LOOP_B,Open-product wash loop,47,11.75,IND_A,Indicator organism A,7.522212775444014,0.8763456138370156,16.0,7.0,0.997,1.2,2.460776603129669,2.304418760733482,2.304418760733482,1.5,False,False,250.0,False,DEMONSTRATION_ONLY
WORST,LOOP_B,Open-product wash loop,47,11.75,MES_B,Mesophilic organism B,0.3529832350488061,-0.452245920954087,16.0,7.0,0.997,1.2,2.460776603129669,2.304418760733482,2.304418760733482,1.5,False,False,50.0,False,DEMONSTRATION_ONLY
WORST,LOOP_B,Open-product wash loop,47,11.75,PSY_C,Cold-tolerant organism C,0.35749221585155805,-0.4467334102251933,16.0,7.0,0.997,1.2,2.460776603129669,2.304418760733482,2.304418760733482,1.5,False,False,25.0,False,DEMONSTRATION_ONLY
WORST,LOOP_B,Open-product wash loop,48,12.0,IND_A,Indicator organism A,7.522212775444014,0.8763456138370156,16.0,7.0,0.997,1.2,2.304418760733482,2.304418760733482,2.304418760733482,1.5,False,False,250.0,False,DEMONSTRATION_ONLY
WORST,LOOP_B,Open-product wash loop,48,12.0,MES_B,Mesophilic organism B,0.3529832350488061,-0.452245920954087,16.0,7.0,0.997,1.2,2.304418760733482,2.304418760733482,2.304418760733482,1.5,False,False,50.0,False,DEMONSTRATION_ONLY
WORST,LOOP_B,Open-product wash loop,48,12.0,PSY_C,Cold-tolerant organism C,0.35749221585155805,-0.4467334102251933,16.0,7.0,0.997,1.2,2.304418760733482,2.304418760733482,2.304418760733482,1.5,False,False,25.0,False,DEMONSTRATION_ONLY
WORST,LOOP_C,Chilled recovery loop,0,0.0,IND_A,Indicator organism A,7.6478374213337315,0.88353864708079,5.0,7.2,0.997,0.5,2.8,2.724500279547669,2.724500279547669,1.5,False,False,250.0,False,DEMONSTRATION_ONLY
WORST,LOOP_C,Chilled recovery loop,0,0.0,MES_B,Mesophilic organism B,0.9582655366798708,-0.01851413065473731,5.0,7.2,0.997,0.5,2.8,2.724500279547669,2.724500279547669,1.5,False,False,50.0,False,DEMONSTRATION_ONLY
WORST,LOOP_C,Chilled recovery loop,0,0.0,PSY_C,Cold-tolerant organism C,0.48147476764685976,-0.3174264677479014,5.0,7.2,0.997,0.5,2.8,2.724500279547669,2.724500279547669,1.5,False,False,25.0,False,DEMONSTRATION_ONLY
WORST,LOOP_C,Chilled recovery loop,1,0.25,IND_A,Indicator organism A,7.317014911639826,0.8643339401005372,5.0,7.2,0.997,0.5,2.724500279547669,2.6507633352091955,2.6507633352091955,1.5,False,False,250.0,False,DEMONSTRATION_ONLY
WORST,LOOP_C,Chilled recovery loop,1,0.25,MES_B,Mesophilic organism B,0.918891168926953,-0.03673592227365953,5.0,7.2,0.997,0.5,2.724500279547669,2.6507633352091955,2.6507633352091955,1.5,False,False,50.0,False,DEMONSTRATION_ONLY
WORST,LOOP_C,Chilled recovery loop,1,0.25,PSY_C,Cold-tolerant organism C,0.4638866357384575,-0.33358813903253776,5.0,7.2,0.997,0.5,2.724500279547669,2.6507633352091955,2.6507633352091955,1.5,False,False,25.0,False,DEMONSTRATION_ONLY
WORST,LOOP_C,Chilled recovery loop,2,0.5,IND_A,Indicator organism A,7.0059660768873675,0.8454680301189427,5.0,7.2,0.997,0.5,2.6507633352091955,2.578748009486128,2.578748009486128,1.5,False,False,250.0,False,DEMONSTRATION_ONLY
WORST,LOOP_C,Chilled recovery loop,2,0.5,MES_B,Mesophilic organism B,0.8817149108273084,-0.05467181471950385,5.0,7.2,0.997,0.5,2.6507633352091955,2.578748009486128,2.578748009486128,1.5,False,False,50.0,False,DEMONSTRATION_ONLY
WORST,LOOP_C,Chilled recovery loop,2,0.5,PSY_C,Cold-tolerant organism C,0.4485146765669409,-0.34822334114218917,5.0,7.2,0.997,0.5,2.6507633352091955,2.578748009486128,2.578748009486128,1.5,False,False,25.0,False,DEMONSTRATION_ONLY
WORST,LOOP_C,Chilled recovery loop,3,0.75,IND_A,Indicator organism A,6.713256905293803,0.8269332672380404,5.0,7.2,0.997,0.5,2.578748009486128,2.508414105829999,2.508414105829999,1.5,False,False,250.0,False,DEMONSTRATION_ONLY
WORST,LOOP_C,Chilled recovery loop,3,0.75,MES_B,Mesophilic organism B,0.846587609823587,-0.07232809190337669,5.0,7.2,0.997,0.5,2.578748009486128,2.508414105829999,2.508414105829999,1.5,False,False,50.0,False,DEMONSTRATION_ONLY
WORST,LOOP_C,Chilled recovery loop,3,0.75,PSY_C,Cold-tolerant organism C,0.43387580427022937,-0.3626345682734585,5.0,7.2,0.997,0.5,2.578748009486128,2.508414105829999,2.508414105829999,1.5,False,False,25.0,False,DEMONSTRATION_ONLY
WORST,LOOP_C,Chilled recovery loop,4,1.0,IND_A,Indicator organism A,6.437573241938088,0.8087221831581574,5.0,7.2,0.997,0.5,2.508414105829999,2.4397223662059564,2.4397223662059564,1.5,False,False,250.0,False,DEMONSTRATION_ONLY
WORST,LOOP_C,Chilled recovery loop,4,1.0,MES_B,Mesophilic organism B,0.8133718063343901,-0.08971088549131291,5.0,7.2,0.997,0.5,2.508414105829999,2.4397223662059564,2.4397223662059564,1.5,False,False,50.0,False,DEMONSTRATION_ONLY
WORST,LOOP_C,Chilled recovery loop,4,1.0,PSY_C,Cold-tolerant organism C,0.41992645105849646,-0.3768267684034058,5.0,7.2,0.997,0.5,2.508414105829999,2.4397223662059564,2.4397223662059564,1.5,False,False,25.0,False,DEMONSTRATION_ONLY
WORST,LOOP_C,Chilled recovery loop,5,1.25,IND_A,Indicator organism A,6.17770956574231,0.790827486846557,5.0,7.2,0.997,0.5,2.4397223662059564,2.372634449180237,2.372634449180237,1.5,False,False,250.0,False,DEMONSTRATION_ONLY
WORST,LOOP_C,Chilled recovery loop,5,1.25,MES_B,Mesophilic organism B,0.7819407049290091,-0.10682617852389628,5.0,7.2,0.997,0.5,2.4397223662059564,2.372634449180237,2.372634449180237,1.5,False,False,50.0,False,DEMONSTRATION_ONLY
WORST,LOOP_C,Chilled recovery loop,5,1.25,PSY_C,Cold-tolerant organism C,0.4066260785702735,-0.3908047717482163,5.0,7.2,0.997,0.5,2.4397223662059564,2.372634449180237,2.372634449180237,1.5,False,False,25.0,False,DEMONSTRATION_ONLY
WORST,LOOP_C,Chilled recovery loop,6,1.5,IND_A,Indicator organism A,5.932558921968271,0.773242060308442,5.0,7.2,0.997,0.5,2.372634449180237,2.307112908519263,2.307112908519263,1.5,False,False,250.0,False,DEMONSTRATION_ONLY
WORST,LOOP_C,Chilled recovery loop,6,1.5,MES_B,Mesophilic organism B,0.7521772452044683,-0.12367980895086204,5.0,7.2,0.997,0.5,2.372634449180237,2.307112908519263,2.307112908519263,1.5,False,False,50.0,False,DEMONSTRATION_ONLY
WORST,LOOP_C,Chilled recovery loop,6,1.5,PSY_C,Cold-tolerant organism C,0.3939369394087448,-0.4045732935518537,5.0,7.2,0.997,0.5,2.372634449180237,2.307112908519263,2.307112908519263,1.5,False,False,25.0,False,DEMONSTRATION_ONLY
WORST,LOOP_C,Chilled recovery loop,7,1.75,IND_A,Indicator organism A,5.701103881154226,0.7559589544580919,5.0,7.2,0.997,0.5,2.307112908519263,2.243121172288402,2.243121172288402,1.5,False,False,250.0,False,DEMONSTRATION_ONLY
WORST,LOOP_C,Chilled recovery loop,7,1.75,MES_B,Mesophilic organism B,0.7239732618659337,-0.14027747308256708,5.0,7.2,0.997,0.5,2.307112908519263,2.243121172288402,2.243121172288402,1.5,False,False,50.0,False,DEMONSTRATION_ONLY
WORST,LOOP_C,Chilled recovery loop,7,1.75,PSY_C,Cold-tolerant organism C,0.38182385949103564,-0.41813693680788844,5.0,7.2,0.997,0.5,2.307112908519263,2.243121172288402,2.243121172288402,1.5,False,False,25.0,False,DEMONSTRATION_ONLY
WORST,LOOP_C,Chilled recovery loop,8,2.0,IND_A,Indicator organism A,5.482408410902684,0.7389713850879428,5.0,7.2,0.997,0.5,2.243121172288402,2.1806235224387382,2.1806235224387382,1.5,False,False,250.0,False,DEMONSTRATION_ONLY
WORST,LOOP_C,Chilled recovery loop,8,2.0,MES_B,Mesophilic organism B,0.6972287247006742,-0.15662472896018115,5.0,7.2,0.997,0.5,2.243121172288402,2.1806235224387382,2.1806235224387382,1.5,False,False,50.0,False,DEMONSTRATION_ONLY
WORST,LOOP_C,Chilled recovery loop,8,2.0,PSY_C,Cold-tolerant organism C,0.370254039226067,-0.4315001949160764,5.0,7.2,0.997,0.5,2.243121172288402,2.1806235224387382,2.1806235224387382,1.5,False,False,25.0,False,DEMONSTRATION_ONLY
WORST,LOOP_C,Chilled recovery loop,9,2.25,IND_A,Indicator organism A,5.275610560436111,0.722272728933459,5.0,7.2,0.997,0.5,2.1806235224387382,2.1195850748704492,2.1195850748704492,1.5,False,False,250.0,False,DEMONSTRATION_ONLY
WORST,LOOP_C,Chilled recovery loop,9,2.25,MES_B,Mesophilic organism B,0.6718510501811695,-0.17272699964641894,5.0,7.2,0.997,0.5,2.1806235224387382,2.1195850748704492,2.1195850748704492,1.5,False,False,50.0,False,DEMONSTRATION_ONLY
WORST,LOOP_C,Chilled recovery loop,9,2.25,PSY_C,Cold-tolerant organism C,0.3591968717409462,-0.44466745427522597,5.0,7.2,0.997,0.5,2.1806235224387382,2.1195850748704492,2.1195850748704492,1.5,False,False,25.0,False,DEMONSTRATION_ONLY
WORST,LOOP_C,Chilled recovery loop,10,2.5,IND_A,Indicator organism A,5.079915869631454,0.7058565198316805,5.0,7.2,0.997,0.5,2.1195850748704492,2.059971759961668,2.059971759961668,1.5,False,False,250.0,False,DEMONSTRATION_ONLY
WORST,LOOP_C,Chilled recovery loop,10,2.5,MES_B,Mesophilic organism B,0.6477544773530813,-0.18858957643859997,5.0,7.2,0.997,0.5,2.1195850748704492,2.059971759961668,2.059971759961668,1.5,False,False,50.0,False,DEMONSTRATION_ONLY
WORST,LOOP_C,Chilled recovery loop,10,2.5,PSY_C,Cold-tolerant organism C,0.34862377655770915,-0.4576429968138626,5.0,7.2,0.997,0.5,2.1195850748704492,2.059971759961668,2.059971759961668,1.5,False,False,25.0,False,DEMONSTRATION_ONLY
WORST,LOOP_C,Chilled recovery loop,11,2.75,IND_A,Indicator organism A,4.894591424556483,0.6897164449713666,5.0,7.2,0.997,0.5,2.059971759961668,2.0017503035519573,2.0017503035519573,1.5,False,False,250.0,False,DEMONSTRATION_ONLY
WORST,LOOP_C,Chilled recovery loop,11,2.75,MES_B,Mesophilic organism B,0.6248595014745507,-0.2042176220057928,5.0,7.2,0.997,0.5,2.059971759961668,2.0017503035519573,2.0017503035519573,1.5,False,False,50.0,False,DEMONSTRATION_ONLY
WORST,LOOP_C,Chilled recovery loop,11,2.75,PSY_C,Cold-tolerant organism C,0.3385080472841748,-0.470431002460168,5.0,7.2,0.997,0.5,2.059971759961668,2.0017503035519573,2.0017503035519573,1.5,False,False,25.0,False,DEMONSTRATION_ONLY
WORST,LOOP_C,Chilled recovery loop,12,3.0,IND_A,Indicator organism A,4.718960490558385,0.6738463412326914,5.0,7.2,0.997,0.5,2.0017503035519573,1.9448882083697867,1.9448882083697867,1.5,False,False,250.0,False,DEMONSTRATION_ONLY
WORST,LOOP_C,Chilled recovery loop,12,3.0,MES_B,Mesophilic organism B,0.6030923595884563,-0.21961617345176554,5.0,7.2,0.997,0.5,2.0017503035519573,1.9448882083697867,1.9448882083697867,1.5,False,False,50.0,False,DEMONSTRATION_ONLY
WORST,LOOP_C,Chilled recovery loop,12,3.0,PSY_C,Cold-tolerant organism C,0.328824712027038,-0.48303555155264044,5.0,7.2,0.997,0.5,2.0017503035519573,1.9448882083697867,1.9448882083697867,1.5,False,False,25.0,False,DEMONSTRATION_ONLY
WORST,LOOP_C,Chilled recovery loop,13,3.25,IND_A,Indicator organism A,4.5523976618672775,0.6582401916144837,5.0,7.2,0.997,0.5,1.9448882083697867,1.8893537358936405,1.8893537358936405,1.5,False,False,250.0,False,DEMONSTRATION_ONLY
WORST,LOOP_C,Chilled recovery loop,13,3.25,MES_B,Mesophilic organism B,0.5823845628408083,-0.23479014530543627,5.0,7.2,0.997,0.5,1.9448882083697867,1.8893537358936405,1.8893537358936405,1.5,False,False,50.0,False,DEMONSTRATION_ONLY
WORST,LOOP_C,Chilled recovery loop,13,3.25,PSY_C,Cold-tolerant organism C,0.31955040536413554,-0.49546062719289197,5.0,7.2,0.997,0.5,1.9448882083697867,1.8893537358936405,1.8893537358936405,1.5,False,False,25.0,False,DEMONSTRATION_ONLY
WORST,LOOP_C,Chilled recovery loop,14,3.5,IND_A,Indicator organism A,4.394324473620634,0.6428921217470381,5.0,7.2,0.997,0.5,1.8893537358936405,1.8351158886366357,1.8351158886366357,1.5,False,False,250.0,False,DEMONSTRATION_ONLY
WORST,LOOP_C,Chilled recovery loop,14,3.5,MES_B,Mesophilic organism B,0.5626724709167518,-0.24974433244048458,5.0,7.2,0.997,0.5,1.8893537358936405,1.8351158886366357,1.8351158886366357,1.5,False,False,50.0,False,DEMONSTRATION_ONLY
WORST,LOOP_C,Chilled recovery loop,14,3.5,PSY_C,Cold-tolerant organism C,0.31066325082786106,-0.5077101175419685,5.0,7.2,0.997,0.5,1.8893537358936405,1.8351158886366357,1.8351158886366357,1.5,False,False,25.0,False,DEMONSTRATION_ONLY
WORST,LOOP_C,Chilled recovery loop,15,3.75,IND_A,Indicator organism A,4.244205428314577,0.6277963964885593,5.0,7.2,0.997,0.5,1.8351158886366357,1.7821443928447604,1.7821443928447604,1.5,False,False,250.0,False,DEMONSTRATION_ONLY
WORST,LOOP_C,Chilled recovery loop,15,3.75,MES_B,Mesophilic organism B,0.5438969044597184,-0.2644834129257528,5.0,7.2,0.997,0.5,1.8351158886366357,1.7821443928447604,1.7821443928447604,1.5,False,False,50.0,False,DEMONSTRATION_ONLY
WORST,LOOP_C,Chilled recovery loop,15,3.75,PSY_C,Cold-tolerant organism C,0.3021427529545453,-0.5197878180615488,5.0,7.2,0.997,0.5,1.8351158886366357,1.7821443928447604,1.7821443928447604,1.5,False,False,25.0,False,DEMONSTRATION_ONLY
WORST,LOOP_C,Chilled recovery loop,16,4.0,IND_A,Indicator organism A,4.1015443940533975,0.6129474166033322,5.0,7.2,0.997,0.5,1.7821443928447604,1.7304096815990766,1.7304096815990766,1.5,False,False,250.0,False,DEMONSTRATION_ONLY
WORST,LOOP_C,Chilled recovery loop,16,4.0,MES_B,Mesophilic organism B,0.526002791776946,-0.2790119508080389,5.0,7.2,0.997,0.5,1.7821443928447604,1.7304096815990766,1.7304096815990766,1.5,False,False,50.0,False,DEMONSTRATION_ONLY
WORST,LOOP_C,Chilled recovery loop,16,4.0,PSY_C,Cold-tolerant organism C,0.29396969804663076,-0.5316974337013489,5.0,7.2,0.997,0.5,1.7821443928447604,1.7304096815990766,1.7304096815990766,1.5,False,False,25.0,False,DEMONSTRATION_ONLY
WORST,LOOP_C,Chilled recovery loop,17,4.25,IND_A,Indicator organism A,3.9658813366934,0.5983397155197525,5.0,7.2,0.997,0.5,1.7304096815990766,1.6798828783124529,1.6798828783124529,1.5,False,False,250.0,False,DEMONSTRATION_ONLY
WORST,LOOP_C,Chilled recovery loop,17,4.25,MES_B,Mesophilic organism B,0.5089388465227169,-0.2933343988288504,5.0,7.2,0.997,0.5,1.7304096815990766,1.6798828783124529,1.6798828783124529,1.5,False,False,50.0,False,DEMONSTRATION_ONLY
WORST,LOOP_C,Chilled recovery loop,17,4.25,PSY_C,Cold-tolerant organism C,0.28612606287687453,-0.5434425810340309,5.0,7.2,0.997,0.5,1.7304096815990766,1.6798828783124529,1.6798828783124529,1.5,False,False,25.0,False,DEMONSTRATION_ONLY
WORST,LOOP_C,Chilled recovery loop,18,4.5,IND_A,Indicator organism A,3.8367893521421825,0.58396795616638,5.0,7.2,0.997,0.5,1.6798828783124529,1.6305357806116194,1.6305357806116194,1.5,False,False,250.0,False,DEMONSTRATION_ONLY
WORST,LOOP_C,Chilled recovery loop,18,4.5,MES_B,Mesophilic organism B,0.4926572733952071,-0.3074551010766582,5.0,7.2,0.997,0.5,1.6798828783124529,1.6305357806116194,1.6305357806116194,1.5,False,False,50.0,False,DEMONSTRATION_ONLY
WORST,LOOP_C,Chilled recovery loop,18,4.5,PSY_C,Cold-tolerant organism C,0.2785949306376755,-0.5550267903388841,5.0,7.2,0.997,0.5,1.6798828783124529,1.6305357806116194,1.6305357806116194,1.5,False,False,25.0,False,DEMONSTRATION_ONLY
WORST,LOOP_C,Chilled recovery loop,19,4.75,IND_A,Indicator organism A,3.7138719687504285,0.5698269278842094,5.0,7.2,0.997,0.5,1.6305357806116194,1.5823408445955454,2.8,1.5,False,True,250.0,False,DEMONSTRATION_ONLY
WORST,LOOP_C,Chilled recovery loop,19,4.75,MES_B,Mesophilic organism B,0.4771134991889867,-0.32137829557616215,5.0,7.2,0.997,0.5,1.6305357806116194,1.5823408445955454,2.8,1.5,False,True,50.0,False,DEMONSTRATION_ONLY
WORST,LOOP_C,Chilled recovery loop,19,4.75,PSY_C,Cold-tolerant organism C,0.2713604135048858,-0.5664535076355215,5.0,7.2,0.997,0.5,1.6305357806116194,1.5823408445955454,2.8,1.5,False,True,25.0,False,DEMONSTRATION_ONLY
WORST,LOOP_C,Chilled recovery loop,20,5.0,IND_A,Indicator organism A,3.5514654639015935,0.5504075957475101,5.0,7.2,0.997,0.5,2.8,2.724500279547669,2.724500279547669,1.5,False,False,250.0,False,DEMONSTRATION_ONLY
WORST,LOOP_C,Chilled recovery loop,20,5.0,MES_B,Mesophilic organism B,0.45741107416966975,-0.33969332509752775,5.0,7.2,0.997,0.5,2.8,2.724500279547669,2.724500279547669,1.5,False,False,50.0,False,DEMONSTRATION_ONLY
WORST,LOOP_C,Chilled recovery loop,20,5.0,PSY_C,Cold-tolerant organism C,0.2621835587403129,-0.5813945459496527,5.0,7.2,0.997,0.5,2.8,2.724500279547669,2.724500279547669,1.5,False,False,25.0,False,DEMONSTRATION_ONLY
WORST,LOOP_C,Chilled recovery loop,21,5.25,IND_A,Indicator organism A,3.398918771041182,0.5313407857333632,5.0,7.2,0.997,0.5,2.724500279547669,2.6507633352091955,2.6507633352091955,1.5,False,False,250.0,False,DEMONSTRATION_ONLY
WORST,LOOP_C,Chilled recovery loop,21,5.25,MES_B,Mesophilic organism B,0.4388259804997007,-0.3577076681218424,5.0,7.2,0.997,0.5,2.724500279547669,2.6507633352091955,2.6507633352091955,1.5,False,False,50.0,False,DEMONSTRATION_ONLY
WORST,LOOP_C,Chilled recovery loop,21,5.25,PSY_C,Cold-tolerant organism C,0.2534568320395605,-0.5960959976854366,5.0,7.2,0.997,0.5,2.724500279547669,2.6507633352091955,2.6507633352091955,1.5,False,False,25.0,False,DEMONSTRATION_ONLY
WORST,LOOP_C,Chilled recovery loop,22,5.5,IND_A,Indicator organism A,3.255508312710606,0.5126188086246255,5.0,7.2,0.997,0.5,2.6507633352091955,2.578748009486128,2.578748009486128,1.5,False,False,250.0,False,DEMONSTRATION_ONLY
WORST,LOOP_C,Chilled recovery loop,22,5.5,MES_B,Mesophilic organism B,0.4212815456344121,-0.3754275648576785,5.0,7.2,0.997,0.5,2.6507633352091955,2.578748009486128,2.578748009486128,1.5,False,False,50.0,False,DEMONSTRATION_ONLY
WORST,LOOP_C,Chilled recovery loop,22,5.5,PSY_C,Cold-tolerant organism C,0.24515289912075464,-0.6105629665226313,5.0,7.2,0.997,0.5,2.6507633352091955,2.578748009486128,2.578748009486128,1.5,False,False,25.0,False,DEMONSTRATION_ONLY
WORST,LOOP_C,Chilled recovery loop,23,5.75,IND_A,Indicator organism A,3.1205716615330976,0.49423416027086337,5.0,7.2,0.997,0.5,2.578748009486128,2.508414105829999,2.508414105829999,1.5,False,False,250.0,False,DEMONSTRATION_ONLY
WORST,LOOP_C,Chilled recovery loop,23,5.75,MES_B,Mesophilic organism B,0.40470717086700014,-0.3928591004258829,5.0,7.2,0.997,0.5,2.578748009486128,2.508414105829999,2.508414105829999,1.5,False,False,50.0,False,DEMONSTRATION_ONLY
WORST,LOOP_C,Chilled recovery loop,23,5.75,PSY_C,Cold-tolerant organism C,0.2372463645158261,-0.6248004338334948,5.0,7.2,0.997,0.5,2.578748009486128,2.508414105829999,2.508414105829999,1.5,False,False,25.0,False,DEMONSTRATION_ONLY
WORST,LOOP_C,Chilled recovery loop,24,6.0,IND_A,Indicator organism A,2.9935017544146225,0.47617951701063843,5.0,7.2,0.997,0.5,2.508414105829999,2.4397223662059564,2.4397223662059564,1.5,False,False,250.0,False,DEMONSTRATION_ONLY
WORST,LOOP_C,Chilled recovery loop,24,6.0,MES_B,Mesophilic organism B,0.38903779159606877,-0.410008208740011,5.0,7.2,0.997,0.5,2.508414105829999,2.4397223662059564,2.4397223662059564,1.5,False,False,50.0,False,DEMONSTRATION_ONLY
WORST,LOOP_C,Chilled recovery loop,24,6.0,PSY_C,Cold-tolerant organism C,0.22971361605187995,-0.638813261657658,5.0,7.2,0.997,0.5,2.508414105829999,2.4397223662059564,2.4397223662059564,1.5,False,False,25.0,False,DEMONSTRATION_ONLY
WORST,LOOP_C,Chilled recovery loop,25,6.25,IND_A,Indicator organism A,2.873741708343636,0.45844773120180704,5.0,7.2,0.997,0.5,2.4397223662059564,2.372634449180237,2.372634449180237,1.5,False,False,250.0,False,DEMONSTRATION_ONLY
WORST,LOOP_C,Chilled recovery loop,25,6.25,MES_B,Mesophilic organism B,0.3742133903917481,-0.4268806762983274,5.0,7.2,0.997,0.5,2.4397223662059564,2.372634449180237,2.372634449180237,1.5,False,False,50.0,False,DEMONSTRATION_ONLY
WORST,LOOP_C,Chilled recovery loop,25,6.25,PSY_C,Cold-tolerant organism C,0.2225326831513783,-0.6526061956048191,5.0,7.2,0.997,0.5,2.4397223662059564,2.372634449180237,2.372634449180237,1.5,False,False,25.0,False,DEMONSTRATION_ONLY
WORST,LOOP_C,Chilled recovery loop,26,6.5,IND_A,Indicator organism A,2.76078016995418,0.441031826857755,5.0,7.2,0.997,0.5,2.372634449180237,2.307112908519263,2.307112908519263,1.5,False,False,250.0,False,DEMONSTRATION_ONLY
WORST,LOOP_C,Chilled recovery loop,26,6.5,MES_B,Mesophilic organism B,0.36017855725039305,-0.4434821458891348,5.0,7.2,0.997,0.5,2.372634449180237,2.307112908519263,2.307112908519263,1.5,False,False,50.0,False,DEMONSTRATION_ONLY
WORST,LOOP_C,Chilled recovery loop,26,6.5,PSY_C,Cold-tolerant organism C,0.21568310761082013,-0.6661838676869282,5.0,7.2,0.997,0.5,2.372634449180237,2.307112908519263,2.307112908519263,1.5,False,False,25.0,False,DEMONSTRATION_ONLY
WORST,LOOP_C,Chilled recovery loop,27,6.75,IND_A,Indicator organism A,2.6541471392292637,0.42392499538750933,5.0,7.2,0.997,0.5,2.307112908519263,2.243121172288402,2.243121172288402,1.5,False,False,250.0,False,DEMONSTRATION_ONLY
WORST,LOOP_C,Chilled recovery loop,27,6.75,MES_B,Mesophilic organism B,0.34688209206877624,-0.4598181202111627,5.0,7.2,0.997,0.5,2.307112908519263,2.243121172288402,2.243121172288402,1.5,False,False,50.0,False,DEMONSTRATION_ONLY
WORST,LOOP_C,Chilled recovery loop,27,6.75,PSY_C,Cold-tolerant organism C,0.20914582565794818,-0.6795507990814879,5.0,7.2,0.997,0.5,2.307112908519263,2.243121172288402,2.243121172288402,1.5,False,False,25.0,False,DEMONSTRATION_ONLY
WORST,LOOP_C,Chilled recovery loop,28,7.0,IND_A,Indicator organism A,2.5534102148747335,0.4071205914376887,5.0,7.2,0.997,0.5,2.243121172288402,2.1806235224387382,2.1806235224387382,1.5,False,False,250.0,False,DEMONSTRATION_ONLY
WORST,LOOP_C,Chilled recovery loop,28,7.0,MES_B,Mesophilic organism B,0.33427664493149173,-0.4758939654107265,5.0,7.2,0.997,0.5,2.243121172288402,2.1806235224387382,2.1806235224387382,1.5,False,False,50.0,False,DEMONSTRATION_ONLY
WORST,LOOP_C,Chilled recovery loop,28,7.0,PSY_C,Cold-tolerant organism C,0.20290306021212665,-0.6927114028275821,5.0,7.2,0.997,0.5,2.243121172288402,2.1806235224387382,2.1806235224387382,1.5,False,False,25.0,False,DEMONSTRATION_ONLY
WORST,LOOP_C,Chilled recovery loop,29,7.25,IND_A,Indicator organism A,2.458171215132578,0.3906121288342733,5.0,7.2,0.997,0.5,2.1806235224387382,2.1195850748704492,2.1195850748704492,1.5,False,False,250.0,False,DEMONSTRATION_ONLY
WORST,LOOP_C,Chilled recovery loop,29,7.25,MES_B,Mesophilic organism B,0.32231839030007203,-0.49171491453734395,5.0,7.2,0.997,0.5,2.1806235224387382,2.1195850748704492,2.1195850748704492,1.5,False,False,50.0,False,DEMONSTRATION_ONLY
WORST,LOOP_C,Chilled recovery loop,29,7.25,PSY_C,Cold-tolerant organism C,0.19693822238329425,-0.7056699864562032,5.0,7.2,0.997,0.5,2.1806235224387382,2.1195850748704492,2.1195850748704492,1.5,False,False,25.0,False,DEMONSTRATION_ONLY
WORST,LOOP_C,Chilled recovery loop,30,7.5,IND_A,Indicator organism A,2.368063133250609,0.37439327662219524,5.0,7.2,0.997,0.5,2.1195850748704492,2.059971759961668,2.059971759961668,1.5,False,False,250.0,False,DEMONSTRATION_ONLY
WORST,LOOP_C,Chilled recovery loop,30,7.5,MES_B,Mesophilic organism B,0.31096673162780974,-0.507286070919469,5.0,7.2,0.997,0.5,2.1195850748704492,2.059971759961668,2.059971759961668,1.5,False,False,50.0,False,DEMONSTRATION_ONLY
WORST,LOOP_C,Chilled recovery loop,30,7.5,PSY_C,Cold-tolerant organism C,0.19123582134343875,-0.7184307545564262,5.0,7.2,0.997,0.5,2.1195850748704492,2.059971759961668,2.059971759961668,1.5,False,False,25.0,False,DEMONSTRATION_ONLY
WORST,LOOP_C,Chilled recovery loop,31,7.75,IND_A,Indicator organism A,2.2827473915888783,0.35845785520076706,5.0,7.2,0.997,0.5,2.059971759961668,2.0017503035519573,2.0017503035519573,1.5,False,False,250.0,False,DEMONSTRATION_ONLY
WORST,LOOP_C,Chilled recovery loop,31,7.75,MES_B,Mesophilic organism B,0.3001840333079955,-0.5226124114619812,5.0,7.2,0.997,0.5,2.059971759961668,2.0017503035519573,2.0017503035519573,1.5,False,False,50.0,False,DEMONSTRATION_ONLY
WORST,LOOP_C,Chilled recovery loop,31,7.75,PSY_C,Cold-tolerant organism C,0.18578138179229794,-0.7309978112789519,5.0,7.2,0.997,0.5,2.059971759961668,2.0017503035519573,2.0017503035519573,1.5,False,False,25.0,False,DEMONSTRATION_ONLY
WORST,LOOP_C,Chilled recovery loop,32,8.0,IND_A,Indicator organism A,2.201911362513192,0.3427998325529902,5.0,7.2,0.997,0.5,2.0017503035519573,1.9448882083697867,1.9448882083697867,1.5,False,False,250.0,False,DEMONSTRATION_ONLY
WORST,LOOP_C,Chilled recovery loop,32,8.0,MES_B,Mesophilic organism B,0.28993537720177076,-0.5376987898670453,5.0,7.2,0.997,0.5,2.0017503035519573,1.9448882083697867,1.9448882083697867,1.5,False,False,50.0,False,DEMONSTRATION_ONLY
WORST,LOOP_C,Chilled recovery loop,32,8.0,PSY_C,Cold-tolerant organism C,0.18056136831722217,-0.7433751627785032,5.0,7.2,0.997,0.5,2.0017503035519573,1.9448882083697867,1.9448882083697867,1.5,False,False,25.0,False,DEMONSTRATION_ONLY
WORST,LOOP_C,Chilled recovery loop,33,8.25,IND_A,Indicator organism A,2.1252661278809772,0.3274133205668012,5.0,7.2,0.997,0.5,1.9448882083697867,1.8893537358936405,1.8893537358936405,1.5,False,False,250.0,False,DEMONSTRATION_ONLY
WORST,LOOP_C,Chilled recovery loop,33,8.25,MES_B,Mesophilic organism B,0.28018834129069947,-0.5525499397799257,5.0,7.2,0.997,0.5,1.9448882083697867,1.8893537358936405,1.8893537358936405,1.5,False,False,50.0,False,DEMONSTRATION_ONLY
WORST,LOOP_C,Chilled recovery loop,33,8.25,PSY_C,Cold-tolerant organism C,0.17556311601693456,-0.7555667195965406,5.0,7.2,0.997,0.5,1.9448882083697867,1.8893537358936405,1.8893537358936405,1.5,False,False,25.0,False,DEMONSTRATION_ONLY
WORST,LOOP_C,Chilled recovery loop,34,8.5,IND_A,Indicator organism A,2.0525444521320244,0.3122925714463369,5.0,7.2,0.997,0.5,1.8893537358936405,1.8351158886366357,1.8351158886366357,1.5,False,False,250.0,False,DEMONSTRATION_ONLY
WORST,LOOP_C,Chilled recovery loop,34,8.5,MES_B,Mesophilic organism B,0.2709127982633993,-0.5671704778613256,5.0,7.2,0.997,0.5,1.8893537358936405,1.8351158886366357,1.8351158886366357,1.5,False,False,50.0,False,DEMONSTRATION_ONLY
WORST,LOOP_C,Chilled recovery loop,34,8.5,PSY_C,Cold-tolerant organism C,0.1707747668212666,-0.7675762989857283,5.0,7.2,0.997,0.5,1.8893537358936405,1.8351158886366357,1.8351158886366357,1.5,False,False,25.0,False,DEMONSTRATION_ONLY
WORST,LOOP_C,Chilled recovery loop,35,8.75,IND_A,Indicator organism A,1.983498946814379,0.2974319742113163,5.0,7.2,0.997,0.5,1.8351158886366357,1.7821443928447604,1.7821443928447604,1.5,False,False,250.0,False,DEMONSTRATION_ONLY
WORST,LOOP_C,Chilled recovery loop,35,8.75,MES_B,Mesophilic organism B,0.26208073207941357,-0.5815649067877862,5.0,7.2,0.997,0.5,1.8351158886366357,1.7821443928447604,1.7821443928447604,1.5,False,False,50.0,False,DEMONSTRATION_ONLY
WORST,LOOP_C,Chilled recovery loop,35,8.75,PSY_C,Cold-tolerant organism C,0.1661852109946741,-0.7794076271775559,5.0,7.2,0.997,0.5,1.8351158886366357,1.7821443928447604,1.7821443928447604,1.5,False,False,25.0,False,DEMONSTRATION_ONLY
WORST,LOOP_C,Chilled recovery loop,36,9.0,IND_A,Indicator organism A,1.9179004068540977,0.2828260512826633,5.0,7.2,0.997,0.5,1.7821443928447604,1.7304096815990766,1.7304096815990766,1.5,False,False,250.0,False,DEMONSTRATION_ONLY
WORST,LOOP_C,Chilled recovery loop,36,9.0,MES_B,Mesophilic organism B,0.2536660707606558,-0.5957376181816635,5.0,7.2,0.997,0.5,1.7821443928447604,1.7304096815990766,1.7304096815990766,1.5,False,False,50.0,False,DEMONSTRATION_ONLY
WORST,LOOP_C,Chilled recovery loop,36,9.0,PSY_C,Cold-tolerant organism C,0.16178403336120156,-0.7910643415944906,5.0,7.2,0.997,0.5,1.7821443928447604,1.7304096815990766,1.7304096815990766,1.5,False,False,25.0,False,DEMONSTRATION_ONLY
WORST,LOOP_C,Chilled recovery loop,37,9.25,IND_A,Indicator organism A,1.8555363010600123,0.2684694551525118,5.0,7.2,0.997,0.5,1.7304096815990766,1.6798828783124529,1.6798828783124529,1.5,False,False,250.0,False,DEMONSTRATION_ONLY
WORST,LOOP_C,Chilled recovery loop,37,9.25,MES_B,Mesophilic organism B,0.24564453384445933,-0.6096928954721715,5.0,7.2,0.997,0.5,1.7304096815990766,1.6798828783124529,1.6798828783124529,1.5,False,False,50.0,False,DEMONSTRATION_ONLY
WORST,LOOP_C,Chilled recovery loop,37,9.25,PSY_C,Cold-tolerant organism C,0.15756146383321706,-0.8025499930080124,5.0,7.2,0.997,0.5,1.7304096815990766,1.6798828783124529,1.6798828783124529,1.5,False,False,25.0,False,DEMONSTRATION_ONLY
WORST,LOOP_C,Chilled recovery loop,38,9.5,IND_A,Indicator organism A,1.796209401278632,0.25435696513675843,5.0,7.2,0.997,0.5,1.6798828783124529,1.6305357806116194,1.6305357806116194,1.5,False,False,250.0,False,DEMONSTRATION_ONLY
WORST,LOOP_C,Chilled recovery loop,38,9.5,MES_B,Mesophilic organism B,0.23799349309533277,-0.623434916688959,5.0,7.2,0.997,0.5,1.6798828783124529,1.6305357806116194,1.6305357806116194,1.5,False,False,50.0,False,DEMONSTRATION_ONLY
WORST,LOOP_C,Chilled recovery loop,38,9.5,PSY_C,Cold-tolerant organism C,0.15350833186626545,-0.8138680476438482,5.0,7.2,0.997,0.5,1.6798828783124529,1.6305357806116194,1.6305357806116194,1.5,False,False,25.0,False,DEMONSTRATION_ONLY
WORST,LOOP_C,Chilled recovery loop,39,9.75,IND_A,Indicator organism A,1.7397365363122932,0.2404834842083501,5.0,7.2,0.997,0.5,1.6305357806116194,1.5823408445955454,2.8,1.5,False,True,250.0,False,DEMONSTRATION_ONLY
WORST,LOOP_C,Chilled recovery loop,39,9.75,MES_B,Mesophilic organism B,0.23069184521742153,-0.6369677571896575,5.0,7.2,0.997,0.5,1.6305357806116194,1.5823408445955454,2.8,1.5,False,True,50.0,False,DEMONSTRATION_ONLY
WORST,LOOP_C,Chilled recovery loop,39,9.75,PSY_C,Cold-tolerant organism C,0.14961602449829592,-0.8250218892357009,5.0,7.2,0.997,0.5,1.6305357806116194,1.5823408445955454,2.8,1.5,False,True,25.0,False,DEMONSTRATION_ONLY
WORST,LOOP_C,Chilled recovery loop,40,10.0,IND_A,Indicator organism A,1.664729234846465,0.22134360638612266,5.0,7.2,0.997,0.5,2.8,2.724500279547669,2.724500279547669,1.5,False,False,250.0,False,DEMONSTRATION_ONLY
WORST,LOOP_C,Chilled recovery loop,40,10.0,MES_B,Mesophilic organism B,0.22137249818927515,-0.6548763338932619,5.0,7.2,0.997,0.5,2.8,2.724500279547669,2.724500279547669,1.5,False,False,50.0,False,DEMONSTRATION_ONLY
WORST,LOOP_C,Chilled recovery loop,40,10.0,PSY_C,Cold-tolerant organism C,0.14465022088527257,-0.8396808988346518,5.0,7.2,0.997,0.5,2.8,2.724500279547669,2.724500279547669,1.5,False,False,25.0,False,DEMONSTRATION_ONLY
WORST,LOOP_C,Chilled recovery loop,41,10.25,IND_A,Indicator organism A,1.5942940870915812,0.2025684353916816,5.0,7.2,0.997,0.5,2.724500279547669,2.6507633352091955,2.6507633352091955,1.5,False,False,250.0,False,DEMONSTRATION_ONLY
WORST,LOOP_C,Chilled recovery loop,41,10.25,MES_B,Mesophilic organism B,0.212584802800659,-0.6724677854181789,5.0,7.2,0.997,0.5,2.724500279547669,2.6507633352091955,2.6507633352091955,1.5,False,False,50.0,False,DEMONSTRATION_ONLY
WORST,LOOP_C,Chilled recovery loop,41,10.25,PSY_C,Cold-tolerant organism C,0.13992939723575923,-0.8540910366440679,5.0,7.2,0.997,0.5,2.724500279547669,2.6507633352091955,2.6507633352091955,1.5,False,False,25.0,False,DEMONSTRATION_ONLY
WORST,LOOP_C,Chilled recovery loop,42,10.5,IND_A,Indicator organism A,1.5280957060111784,0.18415055534628016,5.0,7.2,0.997,0.5,2.6507633352091955,2.578748009486128,2.578748009486128,1.5,False,False,250.0,False,DEMONSTRATION_ONLY
WORST,LOOP_C,Chilled recovery loop,42,10.5,MES_B,Mesophilic organism B,0.20429229229062532,-0.6897480184815797,5.0,7.2,0.997,0.5,2.6507633352091955,2.578748009486128,2.578748009486128,1.5,False,False,50.0,False,DEMONSTRATION_ONLY
WORST,LOOP_C,Chilled recovery loop,42,10.5,PSY_C,Cold-tolerant organism C,0.13543868303936968,-0.8682572778134401,5.0,7.2,0.997,0.5,2.6507633352091955,2.578748009486128,2.578748009486128,1.5,False,False,25.0,False,DEMONSTRATION_ONLY
WORST,LOOP_C,Chilled recovery loop,43,10.75,IND_A,Indicator organism A,1.4658270460372145,0.16608273061697698,5.0,7.2,0.997,0.5,2.578748009486128,2.508414105829999,2.508414105829999,1.5,False,False,250.0,False,DEMONSTRATION_ONLY
WORST,LOOP_C,Chilled recovery loop,43,10.75,MES_B,Mesophilic organism B,0.19646138816564282,-0.706722791621077,5.0,7.2,0.997,0.5,2.578748009486128,2.508414105829999,2.508414105829999,1.5,False,False,50.0,False,DEMONSTRATION_ONLY
WORST,LOOP_C,Chilled recovery loop,43,10.75,PSY_C,Cold-tolerant organism C,0.13116426230223663,-0.882184478978391,5.0,7.2,0.997,0.5,2.578748009486128,2.508414105829999,2.508414105829999,1.5,False,False,25.0,False,DEMONSTRATION_ONLY
WORST,LOOP_C,Chilled recovery loop,44,11.0,IND_A,Indicator organism A,1.4072067214375825,0.1483579008356194,5.0,7.2,0.997,0.5,2.508414105829999,2.4397223662059564,2.4397223662059564,1.5,False,False,250.0,False,DEMONSTRATION_ONLY
WORST,LOOP_C,Chilled recovery loop,44,11.0,MES_B,Mesophilic organism B,0.1890611435356811,-0.7233977196057216,5.0,7.2,0.997,0.5,2.508414105829999,2.4397223662059564,2.4397223662059564,1.5,False,False,50.0,False,DEMONSTRATION_ONLY
WORST,LOOP_C,Chilled recovery loop,44,11.0,PSY_C,Cold-tolerant organism C,0.12709328895850697,-0.8958773813518723,5.0,7.2,0.997,0.5,2.508414105829999,2.4397223662059564,2.4397223662059564,1.5,False,False,25.0,False,DEMONSTRATION_ONLY
WORST,LOOP_C,Chilled recovery loop,45,11.25,IND_A,Indicator organism A,1.3519766035171077,0.13096917603510286,5.0,7.2,0.997,0.5,2.4397223662059564,2.372634449180237,2.372634449180237,1.5,False,False,250.0,False,DEMONSTRATION_ONLY
WORST,LOOP_C,Chilled recovery loop,45,11.25,MES_B,Mesophilic organism B,0.18206301155844515,-0.739778277751167,5.0,7.2,0.997,0.5,2.4397223662059564,2.372634449180237,2.372634449180237,1.5,False,False,50.0,False,DEMONSTRATION_ONLY
WORST,LOOP_C,Chilled recovery loop,45,11.25,PSY_C,Cold-tolerant organism C,0.12321380979821533,-0.9093406137377644,5.0,7.2,0.997,0.5,2.4397223662059564,2.372634449180237,2.372634449180237,1.5,False,False,25.0,False,DEMONSTRATION_ONLY
WORST,LOOP_C,Chilled recovery loop,46,11.5,IND_A,Indicator organism A,1.2998996652111863,0.11390983190162311,5.0,7.2,0.997,0.5,2.372634449180237,2.307112908519263,2.307112908519263,1.5,False,False,250.0,False,DEMONSTRATION_ONLY
WORST,LOOP_C,Chilled recovery loop,46,11.5,MES_B,Mesophilic organism B,0.17544063632395546,-0.7558698061396911,5.0,7.2,0.997,0.5,2.372634449180237,2.307112908519263,2.307112908519263,1.5,False,False,50.0,False,DEMONSTRATION_ONLY
WORST,LOOP_C,Chilled recovery loop,46,11.5,PSY_C,Cold-tolerant organism C,0.11951469418250821,-0.9225786954684938,5.0,7.2,0.997,0.5,2.372634449180237,2.307112908519263,2.307112908519263,1.5,False,False,25.0,False,DEMONSTRATION_ONLY
WORST,LOOP_C,Chilled recovery loop,47,11.75,IND_A,Indicator organism A,1.2507580454375784,0.09717330514162065,5.0,7.2,0.997,0.5,2.307112908519263,2.243121172288402,2.243121172288402,1.5,False,False,250.0,False,DEMONSTRATION_ONLY
WORST,LOOP_C,Chilled recovery loop,47,11.75,MES_B,Mesophilic organism B,0.1691696638164487,-0.7716775137457546,5.0,7.2,0.997,0.5,2.307112908519263,2.243121172288402,2.243121172288402,1.5,False,False,50.0,False,DEMONSTRATION_ONLY
WORST,LOOP_C,Chilled recovery loop,47,11.75,PSY_C,Cold-tolerant organism C,0.1159855698935269,-0.9355960392682634,5.0,7.2,0.997,0.5,2.307112908519263,2.243121172288402,2.243121172288402,1.5,False,False,25.0,False,DEMONSTRATION_ONLY
WORST,LOOP_C,Chilled recovery loop,48,12.0,IND_A,Indicator organism A,1.2507580454375784,0.09717330514162065,5.0,7.2,0.997,0.5,2.243121172288402,2.243121172288402,2.243121172288402,1.5,False,False,250.0,False,DEMONSTRATION_ONLY
WORST,LOOP_C,Chilled recovery loop,48,12.0,MES_B,Mesophilic organism B,0.1691696638164487,-0.7716775137457546,5.0,7.2,0.997,0.5,2.243121172288402,2.243121172288402,2.243121172288402,1.5,False,False,50.0,False,DEMONSTRATION_ONLY
WORST,LOOP_C,Chilled recovery loop,48,12.0,PSY_C,Cold-tolerant organism C,0.1159855698935269,-0.9355960392682634,5.0,7.2,0.997,0.5,2.243121172288402,2.243121172288402,2.243121172288402,1.5,False,False,25.0,False,DEMONSTRATION_ONLY
